06:02:32  [rank0]  INFO  DDP world_size=4  local_rank=0  log_file=/home/lciechanowski/PROJECTS/GitHub/local-language-model-healthcare/logs/extract_20260526_060232.log
06:02:35  [rank0]  INFO  GPU[0]: NVIDIA L4  (23.7 GB VRAM)
06:02:35  [rank0]  INFO  Loading tokenizer from /home/lciechanowski/PROJECTS/GitHub/local-language-model-healthcare/checkpoints/final
06:02:35  [rank0]  INFO  Verifying token IDs A/B/C/D …
06:02:35  [rank0]  INFO    ✓ Token IDs verified: A=1098  B=1133  C=1102  D=1152
06:02:35  [rank0]  INFO  Loading base model: mistralai/Mistral-7B-Instruct-v0.3  dtype=bfloat16  device_map={'': 0}  attn=sdpa
06:02:39  [rank0]  INFO  Loading LoRA adapter from /home/lciechanowski/PROJECTS/GitHub/local-language-model-healthcare/checkpoints/final
06:02:42  [rank0]  INFO  Merging LoRA weights into base model (faster inference) …
06:02:42  [rank0]  INFO  yes_id=6360  no_id=2538  skip_ptrue=False
06:02:42  [rank0]  INFO  Loading MedMCQA dataset …
06:02:43  [rank0]  INFO  Probe set loaded: 13307 examples
06:02:44  [rank0]  INFO  Layer sweep: 2000 samples, 5-fold CV, layers=[8, 16, 24, 30, 31], world_size=4
06:03:22  [rank0]  INFO    Rank 0: wrote 500 sweep samples to disk
06:03:23  [rank0]  INFO    Rank 0: gathering shards and fitting per-layer LRs …
06:03:23  [rank0]  INFO    Sweep samples collected: 2000  (correct=1474  wrong=526  acc=0.737)
06:03:25  [rank0]  INFO    Layer  8: AUROC = 0.6381 ± 0.0480
06:03:28  [rank0]  INFO    Layer 16: AUROC = 0.7016 ± 0.0267
06:03:33  [rank0]  INFO    Layer 24: AUROC = 0.7370 ± 0.0195
06:03:43  [rank0]  INFO    Layer 30: AUROC = 0.7178 ± 0.0169
06:03:54  [rank0]  INFO    Layer 31: AUROC = 0.7183 ± 0.0125
06:03:54  [rank0]  INFO  Best layer: 24  (AUROC = 0.7370 ± 0.0195)
06:03:54  [rank0]  INFO  Layer sweep results saved to /home/lciechanowski/PROJECTS/GitHub/local-language-model-healthcare/results/layer_sweep.json
06:03:54  [rank0]  INFO  
============================================================
Extracting: probe
============================================================
06:03:54  [rank0]  INFO    13307 examples total  source=medmcqa  layer=24  skip_ptrue=False  world_size=4  rank0_shard=3327
06:05:10  [rank0]  INFO    … rank0 500 / 3327  (running shard acc=0.692)
06:06:26  [rank0]  INFO    … rank0 1000 / 3327  (running shard acc=0.686)
06:07:42  [rank0]  INFO    … rank0 1500 / 3327  (running shard acc=0.705)
06:08:58  [rank0]  INFO    … rank0 2000 / 3327  (running shard acc=0.718)
06:10:14  [rank0]  INFO    … rank0 2500 / 3327  (running shard acc=0.718)
06:11:30  [rank0]  INFO    … rank0 3000 / 3327  (running shard acc=0.719)
06:12:23  [rank0]  INFO    Stitching probe: 13307 examples from 4 shards
06:12:23  [rank0]  INFO    Saved: /home/lciechanowski/PROJECTS/GitHub/local-language-model-healthcare/data/features/probe_features.npz  (13307 examples)
06:12:23  [rank0]  INFO    Saved: /home/lciechanowski/PROJECTS/GitHub/local-language-model-healthcare/data/features/probe_hidden.npy  shape=(13307, 4096)  (218 MB)
06:12:23  [rank0]  INFO  
============================================================
Extracting: val
============================================================
06:12:23  [rank0]  INFO    4183 examples total  source=medmcqa  layer=24  skip_ptrue=False  world_size=4  rank0_shard=1046
06:13:40  [rank0]  INFO    … rank0 500 / 1046  (running shard acc=0.604)
06:14:57  [rank0]  INFO    … rank0 1000 / 1046  (running shard acc=0.598)
06:15:05  [rank0]  INFO    Stitching val: 4183 examples from 4 shards
06:15:05  [rank0]  INFO    Saved: /home/lciechanowski/PROJECTS/GitHub/local-language-model-healthcare/data/features/val_features.npz  (4183 examples)
06:15:05  [rank0]  INFO    Saved: /home/lciechanowski/PROJECTS/GitHub/local-language-model-healthcare/data/features/val_hidden.npy  shape=(4183, 4096)  (69 MB)
06:15:05  [rank0]  INFO  
============================================================
Extracting: test_medmcqa
============================================================
06:15:05  [rank0]  INFO    6150 examples total  source=medmcqa  layer=24  skip_ptrue=False  world_size=4  rank0_shard=1538
06:15:05  [rank0]  WARNING    Skipping example 0: Invalid cop=-1 in id=84f328d3-fca4-422d-8fb2-19d55eb31503
06:15:05  [rank0]  WARNING    Skipping example 4: Invalid cop=-1 in id=9c82e23e-714e-422b-a4fa-e89aef919819
06:15:05  [rank0]  WARNING    Skipping example 8: Invalid cop=-1 in id=a7dfee1b-f9df-44ed-942c-30b4cddbba01
06:15:05  [rank0]  WARNING    Skipping example 12: Invalid cop=-1 in id=8e07667a-9fb5-42ec-a2cc-5fb3e7068ea2
06:15:05  [rank0]  WARNING    Skipping example 16: Invalid cop=-1 in id=c5db9b96-6df7-429d-ad14-d98a4511de84
06:15:05  [rank0]  WARNING    Skipping example 20: Invalid cop=-1 in id=d63cd672-f3cb-4181-83af-ce91d9eda768
06:15:05  [rank0]  WARNING    Skipping example 24: Invalid cop=-1 in id=1fa9d7dc-9661-422b-b668-247425b47a4f
06:15:05  [rank0]  WARNING    Skipping example 28: Invalid cop=-1 in id=533f226b-6108-46be-9375-507ed9c7a163
06:15:05  [rank0]  WARNING    Skipping example 32: Invalid cop=-1 in id=6374f514-0727-4ddf-896e-ef6798ec8d79
06:15:05  [rank0]  WARNING    Skipping example 36: Invalid cop=-1 in id=cb12fac8-5989-44bd-9ad9-03608df2f755
06:15:05  [rank0]  WARNING    Skipping example 40: Invalid cop=-1 in id=2b2d03e4-3717-4159-8478-c91da5bde875
06:15:05  [rank0]  WARNING    Skipping example 44: Invalid cop=-1 in id=02d6cf80-a129-4b05-9d27-30d285992456
06:15:05  [rank0]  WARNING    Skipping example 48: Invalid cop=-1 in id=6f5e5b14-6f8d-43bd-8919-2af994ef23e7
06:15:05  [rank0]  WARNING    Skipping example 52: Invalid cop=-1 in id=02a920d6-31cb-451a-9a1b-3c6b388f83dd
06:15:05  [rank0]  WARNING    Skipping example 56: Invalid cop=-1 in id=c7ac5906-a77f-4fa4-8c8e-271e61912842
06:15:05  [rank0]  WARNING    Skipping example 60: Invalid cop=-1 in id=8917f56f-8cb4-4cc7-9ea9-02e62a1c4d51
06:15:05  [rank0]  WARNING    Skipping example 64: Invalid cop=-1 in id=ed590d2f-4c61-46aa-9fc3-e6324e4ecc2c
06:15:05  [rank0]  WARNING    Skipping example 68: Invalid cop=-1 in id=7d70c599-bc3b-4c13-bc05-70804ce4cfa6
06:15:05  [rank0]  WARNING    Skipping example 72: Invalid cop=-1 in id=c1100210-94bd-4233-9cd0-262855d9d13a
06:15:05  [rank0]  WARNING    Skipping example 76: Invalid cop=-1 in id=61858b4d-71d2-42dc-b90c-c5d2d79fc80f
06:15:05  [rank0]  WARNING    Skipping example 80: Invalid cop=-1 in id=6206ba0b-79da-457e-a1dc-e6c37d474be2
06:15:05  [rank0]  WARNING    Skipping example 84: Invalid cop=-1 in id=8b09f878-eb3e-45de-9de8-9994aca2793b
06:15:05  [rank0]  WARNING    Skipping example 88: Invalid cop=-1 in id=712e7ad6-2b94-4d5e-9492-b02dc23e016b
06:15:05  [rank0]  WARNING    Skipping example 92: Invalid cop=-1 in id=20243f0e-b691-4ac5-972c-2eeb2a9d0c18
06:15:05  [rank0]  WARNING    Skipping example 96: Invalid cop=-1 in id=a599a02f-c216-4087-ae64-493da69505b0
06:15:05  [rank0]  WARNING    Skipping example 100: Invalid cop=-1 in id=b9266e12-b001-4307-8434-400f93269081
06:15:05  [rank0]  WARNING    Skipping example 104: Invalid cop=-1 in id=fb097b4b-3770-4447-8af5-9849f37699d6
06:15:05  [rank0]  WARNING    Skipping example 108: Invalid cop=-1 in id=58cc747a-c2b2-4423-901e-1158c67ca1ac
06:15:05  [rank0]  WARNING    Skipping example 112: Invalid cop=-1 in id=5420fa17-b505-414d-9bab-3f738a3aaffa
06:15:05  [rank0]  WARNING    Skipping example 116: Invalid cop=-1 in id=fbe5c053-d441-45e5-a8bf-d0569c8f668f
06:15:05  [rank0]  WARNING    Skipping example 120: Invalid cop=-1 in id=5d71d1dc-0c10-415c-b8f1-d61f261e6b2b
06:15:05  [rank0]  WARNING    Skipping example 124: Invalid cop=-1 in id=e440ccb7-9f05-4734-bf58-d67a4599f337
06:15:05  [rank0]  WARNING    Skipping example 128: Invalid cop=-1 in id=4980ac88-2ea5-46bc-a554-193ec4231076
06:15:05  [rank0]  WARNING    Skipping example 132: Invalid cop=-1 in id=594fc826-fc96-4a9c-b2f1-f84ceb960ef3
06:15:05  [rank0]  WARNING    Skipping example 136: Invalid cop=-1 in id=b18433ee-a24b-46f6-9b9c-c5e850d857ed
06:15:05  [rank0]  WARNING    Skipping example 140: Invalid cop=-1 in id=8884d89f-42a7-426e-bdef-0a8d53b06a52
06:15:05  [rank0]  WARNING    Skipping example 144: Invalid cop=-1 in id=b0e5ef62-0526-4f5c-a6eb-35672b993ff1
06:15:05  [rank0]  WARNING    Skipping example 148: Invalid cop=-1 in id=a36b2422-0c84-4bd0-b34b-7a914a66c51f
06:15:05  [rank0]  WARNING    Skipping example 152: Invalid cop=-1 in id=7fc74423-bb14-4313-b1ec-be2c839f2e2c
06:15:05  [rank0]  WARNING    Skipping example 156: Invalid cop=-1 in id=f870ba63-bcea-4ae0-ae4e-940b7b04f6a7
06:15:05  [rank0]  WARNING    Skipping example 160: Invalid cop=-1 in id=1aac9570-676e-4ac9-a4c1-034c13314c62
06:15:05  [rank0]  WARNING    Skipping example 164: Invalid cop=-1 in id=5b2be676-799e-4d0e-a4a8-b57eeb38aac9
06:15:05  [rank0]  WARNING    Skipping example 168: Invalid cop=-1 in id=6851472b-d1e1-41ba-828e-c4027f73839a
06:15:05  [rank0]  WARNING    Skipping example 172: Invalid cop=-1 in id=0612b331-bc13-48b7-8c27-ce9c45e30061
06:15:05  [rank0]  WARNING    Skipping example 176: Invalid cop=-1 in id=446708b9-f99a-4345-80bd-330220cebfcc
06:15:05  [rank0]  WARNING    Skipping example 180: Invalid cop=-1 in id=962283e0-6717-4ea8-a023-b4cf030d497a
06:15:05  [rank0]  WARNING    Skipping example 184: Invalid cop=-1 in id=9919482f-09de-4524-a654-ea615c6c5afe
06:15:05  [rank0]  WARNING    Skipping example 188: Invalid cop=-1 in id=d9622180-923f-4563-83d1-87517802e531
06:15:05  [rank0]  WARNING    Skipping example 192: Invalid cop=-1 in id=1ac3df6b-4c67-46b3-9e15-2f6d747a81c5
06:15:05  [rank0]  WARNING    Skipping example 196: Invalid cop=-1 in id=2bf997f3-746f-4561-8dc1-6df0143b5ba0
06:15:05  [rank0]  WARNING    Skipping example 200: Invalid cop=-1 in id=0835a3a3-4342-45c5-a690-899691594239
06:15:05  [rank0]  WARNING    Skipping example 204: Invalid cop=-1 in id=f2c61aee-e082-4e87-80ee-e4f4d129ffe6
06:15:05  [rank0]  WARNING    Skipping example 208: Invalid cop=-1 in id=35518c94-cd20-4894-97f3-d6c4fc6ef751
06:15:05  [rank0]  WARNING    Skipping example 212: Invalid cop=-1 in id=c739d4af-24fe-4555-a43a-5efeb2ecbad6
06:15:05  [rank0]  WARNING    Skipping example 216: Invalid cop=-1 in id=ddd3cf18-afc4-494a-be19-612354e773ee
06:15:05  [rank0]  WARNING    Skipping example 220: Invalid cop=-1 in id=c3c862e5-7b5d-479d-9c62-53204be3e5a4
06:15:05  [rank0]  WARNING    Skipping example 224: Invalid cop=-1 in id=3582af4d-9873-40fd-9589-8ccffa497dcf
06:15:05  [rank0]  WARNING    Skipping example 228: Invalid cop=-1 in id=e1e0d724-0faa-4213-9741-0f1d30bdbc59
06:15:05  [rank0]  WARNING    Skipping example 232: Invalid cop=-1 in id=2f477889-ffa0-4144-8d47-b6bcd790dd33
06:15:05  [rank0]  WARNING    Skipping example 236: Invalid cop=-1 in id=84a439de-3b66-4586-8f69-dc47e74ecec7
06:15:05  [rank0]  WARNING    Skipping example 240: Invalid cop=-1 in id=46182779-ce66-43d7-80bb-2df8a4efe05f
06:15:05  [rank0]  WARNING    Skipping example 244: Invalid cop=-1 in id=4fd6d5f0-b67d-4207-965d-9672ff3995f7
06:15:05  [rank0]  WARNING    Skipping example 248: Invalid cop=-1 in id=a5b11b65-4518-43da-a6bb-e11b23ee03f1
06:15:05  [rank0]  WARNING    Skipping example 252: Invalid cop=-1 in id=313432f8-7591-47b5-99fe-008d89e21864
06:15:05  [rank0]  WARNING    Skipping example 256: Invalid cop=-1 in id=d8f61a55-a704-4a46-8698-39749b7b9bb9
06:15:05  [rank0]  WARNING    Skipping example 260: Invalid cop=-1 in id=1794b808-f5fa-4e6d-8a74-fc797f44cb62
06:15:05  [rank0]  WARNING    Skipping example 264: Invalid cop=-1 in id=f7847715-749a-45fc-ad49-f01f824858f1
06:15:05  [rank0]  WARNING    Skipping example 268: Invalid cop=-1 in id=4631c5be-faad-42ba-84e3-b09ebc3752eb
06:15:05  [rank0]  WARNING    Skipping example 272: Invalid cop=-1 in id=d2bef075-d11b-42aa-820e-954946fc1174
06:15:05  [rank0]  WARNING    Skipping example 276: Invalid cop=-1 in id=52a59ca4-9fb9-4ff6-baec-ad639c8143f6
06:15:05  [rank0]  WARNING    Skipping example 280: Invalid cop=-1 in id=05a1caf9-e953-4211-9098-7776ca88cb9d
06:15:05  [rank0]  WARNING    Skipping example 284: Invalid cop=-1 in id=661df9b1-2387-420d-a136-6c7e34c99212
06:15:05  [rank0]  WARNING    Skipping example 288: Invalid cop=-1 in id=6c309a19-101c-4d24-bec6-d85a373d3a85
06:15:05  [rank0]  WARNING    Skipping example 292: Invalid cop=-1 in id=15cadb7f-ef84-4f31-a7d2-3c024b815d2b
06:15:05  [rank0]  WARNING    Skipping example 296: Invalid cop=-1 in id=7578a139-df23-4248-a6ec-b45b6c360803
06:15:05  [rank0]  WARNING    Skipping example 300: Invalid cop=-1 in id=cb13529a-4a77-40ad-8eb4-7f19f59110d7
06:15:05  [rank0]  WARNING    Skipping example 304: Invalid cop=-1 in id=4cfd8e8b-0465-47f4-86a2-98e6f26fea79
06:15:05  [rank0]  WARNING    Skipping example 308: Invalid cop=-1 in id=78a9bed9-09ae-458a-bfc5-54bc774fcbac
06:15:05  [rank0]  WARNING    Skipping example 312: Invalid cop=-1 in id=e8bf4f58-fa25-44ed-becc-5c9886bfbbb0
06:15:05  [rank0]  WARNING    Skipping example 316: Invalid cop=-1 in id=46518ab9-8e5f-460f-9b3e-3c0bbdc0dbec
06:15:05  [rank0]  WARNING    Skipping example 320: Invalid cop=-1 in id=4fb2e65d-9807-49d0-970c-7826014619dc
06:15:05  [rank0]  WARNING    Skipping example 324: Invalid cop=-1 in id=25036dbb-d72a-431a-a866-44b3337d4786
06:15:05  [rank0]  WARNING    Skipping example 328: Invalid cop=-1 in id=ac262c66-d0ad-4332-a63e-9619d78c4b8d
06:15:05  [rank0]  WARNING    Skipping example 332: Invalid cop=-1 in id=670a012c-7895-4efa-bba6-ee33599fa58c
06:15:05  [rank0]  WARNING    Skipping example 336: Invalid cop=-1 in id=4821a7e1-4099-46f2-a369-58f5b935d35c
06:15:05  [rank0]  WARNING    Skipping example 340: Invalid cop=-1 in id=d2fc99c8-e69a-49be-baf2-dbc0b9b8b7dc
06:15:05  [rank0]  WARNING    Skipping example 344: Invalid cop=-1 in id=e2d48c5e-d9d7-4a81-a5e4-dc0d548e5042
06:15:05  [rank0]  WARNING    Skipping example 348: Invalid cop=-1 in id=acab7ec7-f737-4f26-98d8-e402c2f8d473
06:15:05  [rank0]  WARNING    Skipping example 352: Invalid cop=-1 in id=47a381e4-7c67-4d3d-a2a4-cf1eff66ed4a
06:15:05  [rank0]  WARNING    Skipping example 356: Invalid cop=-1 in id=cf85f797-514e-4bfc-82e1-4b99e9f2b7c7
06:15:05  [rank0]  WARNING    Skipping example 360: Invalid cop=-1 in id=04629354-ec4b-46de-82e8-f6755a60f931
06:15:05  [rank0]  WARNING    Skipping example 364: Invalid cop=-1 in id=a4229e86-e9d9-4ee5-997f-f0bfba4840c4
06:15:05  [rank0]  WARNING    Skipping example 368: Invalid cop=-1 in id=2bfa2c5d-6778-4e57-b20a-ade5821ffeac
06:15:05  [rank0]  WARNING    Skipping example 372: Invalid cop=-1 in id=61a20021-c9c5-4631-99b3-fc1639ded73b
06:15:05  [rank0]  WARNING    Skipping example 376: Invalid cop=-1 in id=e2f26441-28c1-4223-bdba-58de39e5b351
06:15:05  [rank0]  WARNING    Skipping example 380: Invalid cop=-1 in id=05c9a963-5681-4151-b010-8cf217cdd8d8
06:15:05  [rank0]  WARNING    Skipping example 384: Invalid cop=-1 in id=7ee71340-a3b7-48b9-854b-c20b132a68bc
06:15:05  [rank0]  WARNING    Skipping example 388: Invalid cop=-1 in id=42048967-fb4d-4954-be60-910d7bc10647
06:15:05  [rank0]  WARNING    Skipping example 392: Invalid cop=-1 in id=09fac8da-76b0-464d-a1da-b4a32f24aedd
06:15:05  [rank0]  WARNING    Skipping example 396: Invalid cop=-1 in id=d504c192-dbe7-427d-bfc3-0d48ee2dd6e9
06:15:05  [rank0]  WARNING    Skipping example 400: Invalid cop=-1 in id=b79ea2b9-47d5-4c9a-a321-eece40495781
06:15:05  [rank0]  WARNING    Skipping example 404: Invalid cop=-1 in id=26a20f94-a38a-4b18-bc41-83d22609e142
06:15:05  [rank0]  WARNING    Skipping example 408: Invalid cop=-1 in id=1979ea01-6ce8-4835-a839-8ddb02f45f8f
06:15:05  [rank0]  WARNING    Skipping example 412: Invalid cop=-1 in id=47c15204-4b26-46da-ac51-8f22534b96ad
06:15:05  [rank0]  WARNING    Skipping example 416: Invalid cop=-1 in id=16530c58-24a9-4cd7-983c-3776a1ce3bac
06:15:05  [rank0]  WARNING    Skipping example 420: Invalid cop=-1 in id=ee596bdc-a246-4b46-95e5-0fa61719a63d
06:15:05  [rank0]  WARNING    Skipping example 424: Invalid cop=-1 in id=8ec52464-6c18-4827-bf29-2892130bbb07
06:15:05  [rank0]  WARNING    Skipping example 428: Invalid cop=-1 in id=48b40f84-33ca-4e9e-a03a-aad93fed84d3
06:15:05  [rank0]  WARNING    Skipping example 432: Invalid cop=-1 in id=22f5f155-77ef-40aa-b918-a7f28f0a0eb2
06:15:05  [rank0]  WARNING    Skipping example 436: Invalid cop=-1 in id=a745d750-bd03-4272-b1d1-eaf5e8a54851
06:15:05  [rank0]  WARNING    Skipping example 440: Invalid cop=-1 in id=2db3a312-03cd-48f6-ad64-279fff5db6fb
06:15:05  [rank0]  WARNING    Skipping example 444: Invalid cop=-1 in id=5132dddf-7e45-4af4-81d2-08faf2a060ff
06:15:05  [rank0]  WARNING    Skipping example 448: Invalid cop=-1 in id=9c5059d9-3353-43d4-a28c-dc5771bdc284
06:15:05  [rank0]  WARNING    Skipping example 452: Invalid cop=-1 in id=40937978-f021-4350-8ede-bb97c651fd3c
06:15:05  [rank0]  WARNING    Skipping example 456: Invalid cop=-1 in id=be9419c2-8cd7-4d4a-bf34-23ab979c506b
06:15:05  [rank0]  WARNING    Skipping example 460: Invalid cop=-1 in id=15722d97-d4ad-4801-83f4-c96b8e1866d2
06:15:05  [rank0]  WARNING    Skipping example 464: Invalid cop=-1 in id=c21db45a-d0e5-42c3-8df9-c090ec798356
06:15:05  [rank0]  WARNING    Skipping example 468: Invalid cop=-1 in id=f7459096-ceb1-4ec7-b04a-18ef2fd8650d
06:15:05  [rank0]  WARNING    Skipping example 472: Invalid cop=-1 in id=a79edae5-57a1-4c4a-82e9-f77be6becf5a
06:15:05  [rank0]  WARNING    Skipping example 476: Invalid cop=-1 in id=507498fb-e906-4a1a-b47d-9bf817deb2ca
06:15:05  [rank0]  WARNING    Skipping example 480: Invalid cop=-1 in id=db9f7702-6df9-4531-b5d2-98f63673604a
06:15:05  [rank0]  WARNING    Skipping example 484: Invalid cop=-1 in id=4c40dfce-c12c-4937-bf3d-8c8f79909b7d
06:15:05  [rank0]  WARNING    Skipping example 488: Invalid cop=-1 in id=517c0b9e-aca3-4caf-bf8c-e81c94b027d5
06:15:05  [rank0]  WARNING    Skipping example 492: Invalid cop=-1 in id=e7ef2896-55bb-4709-8203-491676186663
06:15:05  [rank0]  WARNING    Skipping example 496: Invalid cop=-1 in id=88e0bda2-99fc-4f4a-b31a-1001300cd692
06:15:05  [rank0]  WARNING    Skipping example 500: Invalid cop=-1 in id=5bdf9745-5407-4388-853a-2b31b83087f9
06:15:05  [rank0]  WARNING    Skipping example 504: Invalid cop=-1 in id=3ece5acb-0325-4fc5-8646-3c83b8fe602f
06:15:05  [rank0]  WARNING    Skipping example 508: Invalid cop=-1 in id=abd98f8b-e633-48ff-8736-604b8a71be6b
06:15:05  [rank0]  WARNING    Skipping example 512: Invalid cop=-1 in id=3403c121-fad7-4a9e-8c29-d2e313b4b747
06:15:05  [rank0]  WARNING    Skipping example 516: Invalid cop=-1 in id=7ca72088-e5a2-4db0-be8f-372423707fcb
06:15:05  [rank0]  WARNING    Skipping example 520: Invalid cop=-1 in id=733e78e8-9eec-477a-89c4-56a0e4b825f7
06:15:05  [rank0]  WARNING    Skipping example 524: Invalid cop=-1 in id=6ea06fc7-13e5-4743-8090-d577fa80209a
06:15:05  [rank0]  WARNING    Skipping example 528: Invalid cop=-1 in id=b1b4cc86-991a-480d-9f15-2885c0c2ae72
06:15:05  [rank0]  WARNING    Skipping example 532: Invalid cop=-1 in id=d22a3c86-c951-4d25-b95c-9f09a040ef7b
06:15:05  [rank0]  WARNING    Skipping example 536: Invalid cop=-1 in id=e7d62ed9-1a1f-4722-a21d-c483395d4c02
06:15:05  [rank0]  WARNING    Skipping example 540: Invalid cop=-1 in id=d61c9771-a1fa-45b1-9dde-73d0cd7ca25d
06:15:05  [rank0]  WARNING    Skipping example 544: Invalid cop=-1 in id=32ee7bfd-724d-4a06-9cc8-0f3c176335fb
06:15:05  [rank0]  WARNING    Skipping example 548: Invalid cop=-1 in id=2666e146-1151-443a-857c-7a0e56e0467d
06:15:05  [rank0]  WARNING    Skipping example 552: Invalid cop=-1 in id=b4ac706c-fb2e-4da2-a1b9-e058464be47a
06:15:05  [rank0]  WARNING    Skipping example 556: Invalid cop=-1 in id=ab86187a-da18-4b9e-a5a9-e94a5ec6cc5b
06:15:05  [rank0]  WARNING    Skipping example 560: Invalid cop=-1 in id=38b6b551-fe3a-49ba-84e2-4bcbd88f3f77
06:15:05  [rank0]  WARNING    Skipping example 564: Invalid cop=-1 in id=31c7e436-fa16-43c5-83a2-71d8f0b19ec3
06:15:05  [rank0]  WARNING    Skipping example 568: Invalid cop=-1 in id=60173122-b980-4c04-8d34-82680d2c4b21
06:15:05  [rank0]  WARNING    Skipping example 572: Invalid cop=-1 in id=beddedbf-ca05-4ef1-b94e-b4158d0953b8
06:15:05  [rank0]  WARNING    Skipping example 576: Invalid cop=-1 in id=7971a4fd-1086-48f4-b42f-87fac559215b
06:15:05  [rank0]  WARNING    Skipping example 580: Invalid cop=-1 in id=3c52bdaf-cb4d-4b99-bbf4-50e1d4ef8723
06:15:05  [rank0]  WARNING    Skipping example 584: Invalid cop=-1 in id=8e2a28a3-de9c-4049-9e4a-3025a776a7af
06:15:05  [rank0]  WARNING    Skipping example 588: Invalid cop=-1 in id=c17f9058-c64a-47af-b6b2-9a454c57debf
06:15:05  [rank0]  WARNING    Skipping example 592: Invalid cop=-1 in id=a71d38a6-5223-4dca-9e4d-203a3c4710e7
06:15:05  [rank0]  WARNING    Skipping example 596: Invalid cop=-1 in id=d91cf8d4-773b-4189-b8b0-a8ef7202f248
06:15:05  [rank0]  WARNING    Skipping example 600: Invalid cop=-1 in id=f8ad7d87-ae39-411c-b195-418239971289
06:15:05  [rank0]  WARNING    Skipping example 604: Invalid cop=-1 in id=e1931f5e-1ffc-43fb-8fac-135239966585
06:15:05  [rank0]  WARNING    Skipping example 608: Invalid cop=-1 in id=be445b9c-32ad-4669-bc59-cb5d50363431
06:15:05  [rank0]  WARNING    Skipping example 612: Invalid cop=-1 in id=cac017e7-291e-4900-b951-8a01718ed459
06:15:05  [rank0]  WARNING    Skipping example 616: Invalid cop=-1 in id=ed283cb9-a840-40d3-9970-3db38b2eddb2
06:15:05  [rank0]  WARNING    Skipping example 620: Invalid cop=-1 in id=ad2fd6f0-ea14-4577-b416-2dbd0778923b
06:15:05  [rank0]  WARNING    Skipping example 624: Invalid cop=-1 in id=fdacc77c-a876-4d5f-937a-0ac7273e7bf8
06:15:05  [rank0]  WARNING    Skipping example 628: Invalid cop=-1 in id=1e6e073f-a4f0-4122-a175-f2296058a1e3
06:15:05  [rank0]  WARNING    Skipping example 632: Invalid cop=-1 in id=d550ff44-0b02-4969-85f0-95e135aaa420
06:15:05  [rank0]  WARNING    Skipping example 636: Invalid cop=-1 in id=f132c6d7-b3c0-4013-88e1-684003536a04
06:15:05  [rank0]  WARNING    Skipping example 640: Invalid cop=-1 in id=261f5aa1-58fe-4866-9f4c-cb77781744fc
06:15:05  [rank0]  WARNING    Skipping example 644: Invalid cop=-1 in id=2a5488a9-c9f0-4439-b88c-212afb51d3fc
06:15:05  [rank0]  WARNING    Skipping example 648: Invalid cop=-1 in id=0c0586f8-696a-40fb-88db-b4fd699045e9
06:15:05  [rank0]  WARNING    Skipping example 652: Invalid cop=-1 in id=22a730fa-93f1-4fbe-b364-13447f997f44
06:15:05  [rank0]  WARNING    Skipping example 656: Invalid cop=-1 in id=398480da-398d-473f-9341-aa5a930ac858
06:15:05  [rank0]  WARNING    Skipping example 660: Invalid cop=-1 in id=711675dd-3b7f-4baf-b8f0-210a8e1e716b
06:15:05  [rank0]  WARNING    Skipping example 664: Invalid cop=-1 in id=5f9897fd-5ebc-49ad-9613-3b3ce37866f8
06:15:05  [rank0]  WARNING    Skipping example 668: Invalid cop=-1 in id=1b4d511b-fd01-4f85-a89d-ea4074bcf0c9
06:15:05  [rank0]  WARNING    Skipping example 672: Invalid cop=-1 in id=536a7086-dfe4-43cd-9ba1-ec77fc9f209d
06:15:05  [rank0]  WARNING    Skipping example 676: Invalid cop=-1 in id=dbf7a269-11a5-45dc-aaa3-ad107e489d36
06:15:05  [rank0]  WARNING    Skipping example 680: Invalid cop=-1 in id=682391db-0c71-43d9-8fc8-764c9606a312
06:15:05  [rank0]  WARNING    Skipping example 684: Invalid cop=-1 in id=635c5197-55e2-448e-9583-f760a91fdd05
06:15:05  [rank0]  WARNING    Skipping example 688: Invalid cop=-1 in id=d0c5e5c9-2334-48a8-b818-98aca00735a7
06:15:05  [rank0]  WARNING    Skipping example 692: Invalid cop=-1 in id=1d8d6cfe-42eb-468d-87e9-90f2ad3a3fcc
06:15:05  [rank0]  WARNING    Skipping example 696: Invalid cop=-1 in id=ea159d39-652f-4e14-9e67-ae2aff90becf
06:15:05  [rank0]  WARNING    Skipping example 700: Invalid cop=-1 in id=683e7318-47b4-4454-bbd8-0ed6f94db67a
06:15:05  [rank0]  WARNING    Skipping example 704: Invalid cop=-1 in id=0cbd7c75-0caf-42f6-b975-d1edfbe2e777
06:15:05  [rank0]  WARNING    Skipping example 708: Invalid cop=-1 in id=6d09f6a2-8aa5-426c-a7d3-0094beab3eff
06:15:05  [rank0]  WARNING    Skipping example 712: Invalid cop=-1 in id=2823664c-46f6-4117-aea4-762066f6c9f9
06:15:05  [rank0]  WARNING    Skipping example 716: Invalid cop=-1 in id=fabeb81c-7682-4046-9234-cd37c14d683f
06:15:05  [rank0]  WARNING    Skipping example 720: Invalid cop=-1 in id=e53ce406-cd87-4506-a43e-b639bbdc76c4
06:15:05  [rank0]  WARNING    Skipping example 724: Invalid cop=-1 in id=eec92fb6-7e27-4e43-9418-9bfae0a13fff
06:15:05  [rank0]  WARNING    Skipping example 728: Invalid cop=-1 in id=7683ac25-ea31-4bb3-8ee0-10da815f8198
06:15:05  [rank0]  WARNING    Skipping example 732: Invalid cop=-1 in id=b5ea7033-39a7-4ee3-9cc9-ba1f107cac26
06:15:05  [rank0]  WARNING    Skipping example 736: Invalid cop=-1 in id=43f95994-4a32-49e6-acc5-e97bdaa3c9cd
06:15:05  [rank0]  WARNING    Skipping example 740: Invalid cop=-1 in id=892bf1f0-2156-4b83-9744-1c05589902cb
06:15:05  [rank0]  WARNING    Skipping example 744: Invalid cop=-1 in id=ebb7bcf3-49d2-4dde-b7f2-5e14efea7058
06:15:05  [rank0]  WARNING    Skipping example 748: Invalid cop=-1 in id=606c592b-b726-49fe-a52b-61cb55e1150c
06:15:05  [rank0]  WARNING    Skipping example 752: Invalid cop=-1 in id=56a29b8f-f7d5-4dd7-88c5-806b8e0d7fd7
06:15:05  [rank0]  WARNING    Skipping example 756: Invalid cop=-1 in id=295f0d8c-a65c-4c79-a25a-e27d7210ea99
06:15:05  [rank0]  WARNING    Skipping example 760: Invalid cop=-1 in id=cf8bb009-a16e-4756-99b5-f90742c5ca0e
06:15:05  [rank0]  WARNING    Skipping example 764: Invalid cop=-1 in id=4d707db3-417d-45d4-a998-bcc6cb749264
06:15:05  [rank0]  WARNING    Skipping example 768: Invalid cop=-1 in id=d42f3519-605e-4ecd-808b-cb616ab74284
06:15:05  [rank0]  WARNING    Skipping example 772: Invalid cop=-1 in id=dd5f1fbb-6c11-4727-af99-010104e573d9
06:15:05  [rank0]  WARNING    Skipping example 776: Invalid cop=-1 in id=6d9631d7-ee8a-4291-9437-5cf4155ca69f
06:15:05  [rank0]  WARNING    Skipping example 780: Invalid cop=-1 in id=111c150e-f7eb-4c28-bc79-0da7e16edfc0
06:15:05  [rank0]  WARNING    Skipping example 784: Invalid cop=-1 in id=9e686fb9-38bc-4bff-8010-35198c02950d
06:15:05  [rank0]  WARNING    Skipping example 788: Invalid cop=-1 in id=023eadd2-26d4-4b6a-bfa0-0a6c5679b1cd
06:15:05  [rank0]  WARNING    Skipping example 792: Invalid cop=-1 in id=6954ee24-062b-4e4b-a260-fb6eca207a3c
06:15:05  [rank0]  WARNING    Skipping example 796: Invalid cop=-1 in id=19a40709-59ba-45fc-b4c1-d45386e00245
06:15:05  [rank0]  WARNING    Skipping example 800: Invalid cop=-1 in id=749dadc6-36ef-41e6-b631-66ec88e7280b
06:15:05  [rank0]  WARNING    Skipping example 804: Invalid cop=-1 in id=883cbc7c-f334-4218-83bf-fb5b9d45397f
06:15:05  [rank0]  WARNING    Skipping example 808: Invalid cop=-1 in id=bebec0b7-e3e7-478c-8ef1-dfbc2a6cbd40
06:15:05  [rank0]  WARNING    Skipping example 812: Invalid cop=-1 in id=77084224-896d-47dd-9f8f-87cc6cb1c0b4
06:15:05  [rank0]  WARNING    Skipping example 816: Invalid cop=-1 in id=bf11f925-e1fb-4da9-942d-39ced73e74ae
06:15:05  [rank0]  WARNING    Skipping example 820: Invalid cop=-1 in id=dc9b313b-42ef-47d3-b2f0-a3be55f416ff
06:15:05  [rank0]  WARNING    Skipping example 824: Invalid cop=-1 in id=1724301e-2e08-4fd2-acea-260d2bdf7572
06:15:05  [rank0]  WARNING    Skipping example 828: Invalid cop=-1 in id=4f1efac2-b8fd-441c-9387-3b1ccdccb129
06:15:05  [rank0]  WARNING    Skipping example 832: Invalid cop=-1 in id=0b7827da-3be2-44e9-9b5b-b3cd54833933
06:15:05  [rank0]  WARNING    Skipping example 836: Invalid cop=-1 in id=48422fda-ff50-4c38-9bc6-7eef6da79146
06:15:05  [rank0]  WARNING    Skipping example 840: Invalid cop=-1 in id=dff778ca-a5bf-4740-b9e8-417bb35e4bc0
06:15:05  [rank0]  WARNING    Skipping example 844: Invalid cop=-1 in id=c2a46dc7-4a67-4b91-ae29-74c7b2a40423
06:15:05  [rank0]  WARNING    Skipping example 848: Invalid cop=-1 in id=c3fa0532-2606-4c02-8f7c-37ee80eb46f1
06:15:05  [rank0]  WARNING    Skipping example 852: Invalid cop=-1 in id=bfe72742-8ebf-4a9b-b194-35af671d2421
06:15:05  [rank0]  WARNING    Skipping example 856: Invalid cop=-1 in id=c9aac128-1cde-44c3-abd3-235f7c1e2859
06:15:05  [rank0]  WARNING    Skipping example 860: Invalid cop=-1 in id=5d1c327b-6de7-4c50-b7f4-67584b301d97
06:15:05  [rank0]  WARNING    Skipping example 864: Invalid cop=-1 in id=27f30388-3303-4d46-9deb-4341c1fad04a
06:15:05  [rank0]  WARNING    Skipping example 868: Invalid cop=-1 in id=961649b2-21fb-4c79-8932-77b00cc3973e
06:15:05  [rank0]  WARNING    Skipping example 872: Invalid cop=-1 in id=6d05a754-8926-4b73-91b6-8c90f0f626b9
06:15:05  [rank0]  WARNING    Skipping example 876: Invalid cop=-1 in id=054bcac6-fdd3-4cbb-be99-419541ce1c8a
06:15:05  [rank0]  WARNING    Skipping example 880: Invalid cop=-1 in id=2d88e762-bdb6-4f81-8511-c0530fdb5a1a
06:15:05  [rank0]  WARNING    Skipping example 884: Invalid cop=-1 in id=dcf6b827-ecaa-4034-8d02-dc3eb45e4846
06:15:05  [rank0]  WARNING    Skipping example 888: Invalid cop=-1 in id=f335769d-375f-425e-99a6-0230721f688a
06:15:05  [rank0]  WARNING    Skipping example 892: Invalid cop=-1 in id=1079618d-5dab-446e-9350-eba9cc54d4f8
06:15:05  [rank0]  WARNING    Skipping example 896: Invalid cop=-1 in id=fbcd5b72-d01a-4071-8a32-8e5d0b11f778
06:15:05  [rank0]  WARNING    Skipping example 900: Invalid cop=-1 in id=6f8d281e-f9e6-4a1f-a130-80a11ab27005
06:15:05  [rank0]  WARNING    Skipping example 904: Invalid cop=-1 in id=8620087d-6035-422c-bf96-c87e1e78fda1
06:15:05  [rank0]  WARNING    Skipping example 908: Invalid cop=-1 in id=841b88b8-65e4-4e82-aa72-d068c41c13e1
06:15:05  [rank0]  WARNING    Skipping example 912: Invalid cop=-1 in id=4cf09a1a-021a-4edc-99b7-e0124b7981cd
06:15:05  [rank0]  WARNING    Skipping example 916: Invalid cop=-1 in id=0c45ad08-9fe9-4a8f-844d-3a659169ab88
06:15:05  [rank0]  WARNING    Skipping example 920: Invalid cop=-1 in id=06817622-7d30-4269-9684-02daa9aa31c2
06:15:05  [rank0]  WARNING    Skipping example 924: Invalid cop=-1 in id=e8238dd7-7d73-4acf-a1fa-2200749406ba
06:15:05  [rank0]  WARNING    Skipping example 928: Invalid cop=-1 in id=e211afb7-bd2b-4625-9f98-f9fbdd10a78b
06:15:05  [rank0]  WARNING    Skipping example 932: Invalid cop=-1 in id=09594e68-395d-4977-b4d0-e099305eaeab
06:15:05  [rank0]  WARNING    Skipping example 936: Invalid cop=-1 in id=fc7d7bbb-8908-4a93-8006-1c82c48bfeef
06:15:05  [rank0]  WARNING    Skipping example 940: Invalid cop=-1 in id=42b50d56-416a-41bb-9f34-7e8174abbaaf
06:15:05  [rank0]  WARNING    Skipping example 944: Invalid cop=-1 in id=a5b2db7b-a8e8-490f-975b-da6e0c9963ad
06:15:05  [rank0]  WARNING    Skipping example 948: Invalid cop=-1 in id=b9181781-ddee-47bf-a9a5-daa90c2a7c4c
06:15:05  [rank0]  WARNING    Skipping example 952: Invalid cop=-1 in id=73a52951-48d5-4672-81df-2e7c6bbc8d62
06:15:05  [rank0]  WARNING    Skipping example 956: Invalid cop=-1 in id=c19236b3-0ef2-4ea8-9172-00ff0cbefc29
06:15:05  [rank0]  WARNING    Skipping example 960: Invalid cop=-1 in id=0b429083-729f-4948-bdd8-00cc905ba9f6
06:15:05  [rank0]  WARNING    Skipping example 964: Invalid cop=-1 in id=266898d2-2de7-498a-bb25-09e36c0161e8
06:15:05  [rank0]  WARNING    Skipping example 968: Invalid cop=-1 in id=e1ba7e68-8c2e-4f3f-800d-3f506c083a7d
06:15:05  [rank0]  WARNING    Skipping example 972: Invalid cop=-1 in id=7b1553b0-c00e-41aa-a467-f69932e270ea
06:15:05  [rank0]  WARNING    Skipping example 976: Invalid cop=-1 in id=e97bfa2a-9c56-4324-918f-39ac13e6c99c
06:15:05  [rank0]  WARNING    Skipping example 980: Invalid cop=-1 in id=934bd79a-ca1c-4812-b338-cbb1d71caf1c
06:15:05  [rank0]  WARNING    Skipping example 984: Invalid cop=-1 in id=6aab3196-9cc7-4570-a5de-09ef7bfc52ce
06:15:05  [rank0]  WARNING    Skipping example 988: Invalid cop=-1 in id=c83fa54b-c9c4-4d52-8f90-cf47c75fbf91
06:15:05  [rank0]  WARNING    Skipping example 992: Invalid cop=-1 in id=c249836d-1fc3-4cda-8822-9612b63cd661
06:15:05  [rank0]  WARNING    Skipping example 996: Invalid cop=-1 in id=4e9d6c9b-6e38-4739-9e91-4225f7761723
06:15:05  [rank0]  WARNING    Skipping example 1000: Invalid cop=-1 in id=aa8001ff-3739-4ee4-a6d9-c15020e8480d
06:15:05  [rank0]  WARNING    Skipping example 1004: Invalid cop=-1 in id=a387bc30-292b-4aaa-82b6-438f48ab86e0
06:15:05  [rank0]  WARNING    Skipping example 1008: Invalid cop=-1 in id=1ad90c06-2ca4-4397-8347-80d66e34cb73
06:15:05  [rank0]  WARNING    Skipping example 1012: Invalid cop=-1 in id=305838be-517c-4b00-878d-5dd7afa2eb05
06:15:05  [rank0]  WARNING    Skipping example 1016: Invalid cop=-1 in id=5bea7676-d3eb-447c-a426-78cc5cd4bb89
06:15:05  [rank0]  WARNING    Skipping example 1020: Invalid cop=-1 in id=3446a51f-d86e-489f-8eda-f5c4661dfffe
06:15:05  [rank0]  WARNING    Skipping example 1024: Invalid cop=-1 in id=22c0270c-1394-46ab-b87e-0b714e3cf75c
06:15:05  [rank0]  WARNING    Skipping example 1028: Invalid cop=-1 in id=c4be9333-89e9-4e7d-9358-62f372166717
06:15:05  [rank0]  WARNING    Skipping example 1032: Invalid cop=-1 in id=ee5e2afa-2ea5-450e-8864-3d1b846bbaa1
06:15:05  [rank0]  WARNING    Skipping example 1036: Invalid cop=-1 in id=6e93860e-ea33-4e29-93c9-923929603e2d
06:15:05  [rank0]  WARNING    Skipping example 1040: Invalid cop=-1 in id=b4130bf5-d75a-4896-972a-098494b85352
06:15:05  [rank0]  WARNING    Skipping example 1044: Invalid cop=-1 in id=1f9d9d31-de25-40f7-9dfb-04e432e9ed29
06:15:05  [rank0]  WARNING    Skipping example 1048: Invalid cop=-1 in id=90f63c21-8be3-49f9-9e61-c2d14a895f07
06:15:05  [rank0]  WARNING    Skipping example 1052: Invalid cop=-1 in id=6500a740-81f4-4e66-a074-fb6c2730ac28
06:15:05  [rank0]  WARNING    Skipping example 1056: Invalid cop=-1 in id=6ff895e2-764f-4daf-b833-8fc6e29226fa
06:15:05  [rank0]  WARNING    Skipping example 1060: Invalid cop=-1 in id=1fddc7db-c56f-442e-86ab-8fe553483ca5
06:15:05  [rank0]  WARNING    Skipping example 1064: Invalid cop=-1 in id=295daeda-d45d-41c9-957c-c1b326ca2974
06:15:05  [rank0]  WARNING    Skipping example 1068: Invalid cop=-1 in id=a974075c-937c-4fe0-b761-545e90eb0dd0
06:15:05  [rank0]  WARNING    Skipping example 1072: Invalid cop=-1 in id=e2a0823a-5fdc-4d8d-af88-645ae9c5f0eb
06:15:05  [rank0]  WARNING    Skipping example 1076: Invalid cop=-1 in id=12e12950-d1dd-4689-93ca-f57e83e80886
06:15:05  [rank0]  WARNING    Skipping example 1080: Invalid cop=-1 in id=47c3ea66-12a7-42f7-b333-c01d2337975b
06:15:05  [rank0]  WARNING    Skipping example 1084: Invalid cop=-1 in id=523ca0fe-ab62-49f8-85fa-51599d7d1175
06:15:05  [rank0]  WARNING    Skipping example 1088: Invalid cop=-1 in id=c04bd316-de67-4c85-a239-32a10e5d9bea
06:15:05  [rank0]  WARNING    Skipping example 1092: Invalid cop=-1 in id=116b10d3-1a1e-4e04-bbe1-5ee6b6af9c7a
06:15:05  [rank0]  WARNING    Skipping example 1096: Invalid cop=-1 in id=f61146f0-2cd0-44b3-b5bd-5a38027e0351
06:15:05  [rank0]  WARNING    Skipping example 1100: Invalid cop=-1 in id=5c6da7dc-3623-4cc8-9eb2-6dc34e0aba32
06:15:05  [rank0]  WARNING    Skipping example 1104: Invalid cop=-1 in id=2b9ba2a3-88fc-48ca-9a2e-c00021c4b55c
06:15:05  [rank0]  WARNING    Skipping example 1108: Invalid cop=-1 in id=2896c31f-e4dc-46e4-89d3-04a8b3a7d27d
06:15:05  [rank0]  WARNING    Skipping example 1112: Invalid cop=-1 in id=f9b672d0-8620-4840-a353-1fcbbf6995b1
06:15:05  [rank0]  WARNING    Skipping example 1116: Invalid cop=-1 in id=063ed055-5f10-4e3b-920a-91ff2d8631d3
06:15:05  [rank0]  WARNING    Skipping example 1120: Invalid cop=-1 in id=5c989fea-a8ab-45ec-a530-02a7b13451ea
06:15:05  [rank0]  WARNING    Skipping example 1124: Invalid cop=-1 in id=97107326-b988-4996-9c68-14966fd8b0a4
06:15:05  [rank0]  WARNING    Skipping example 1128: Invalid cop=-1 in id=3f4e3ad7-6dc2-4615-b34f-398c23e5e783
06:15:05  [rank0]  WARNING    Skipping example 1132: Invalid cop=-1 in id=4c526d3b-af61-44b4-b71a-7df280d87f1e
06:15:05  [rank0]  WARNING    Skipping example 1136: Invalid cop=-1 in id=653bb2bc-81c1-44f3-98fb-6a4223fd53ba
06:15:05  [rank0]  WARNING    Skipping example 1140: Invalid cop=-1 in id=a53ce98e-a6b9-4e02-b4a8-3777e7f16091
06:15:05  [rank0]  WARNING    Skipping example 1144: Invalid cop=-1 in id=0d11023b-2daa-4cd7-a54b-7dddb436abfd
06:15:05  [rank0]  WARNING    Skipping example 1148: Invalid cop=-1 in id=b2cca300-b1f5-4e46-9d00-270835e6cdbb
06:15:05  [rank0]  WARNING    Skipping example 1152: Invalid cop=-1 in id=ce42fd38-1cfa-4000-840c-a529f4c12a8e
06:15:05  [rank0]  WARNING    Skipping example 1156: Invalid cop=-1 in id=58022ab1-4e29-412e-9197-b641d058612e
06:15:05  [rank0]  WARNING    Skipping example 1160: Invalid cop=-1 in id=411a7679-5f09-4f46-b861-f14fe06ad854
06:15:05  [rank0]  WARNING    Skipping example 1164: Invalid cop=-1 in id=30471ab8-6318-40d8-8017-0f0e243b6d69
06:15:05  [rank0]  WARNING    Skipping example 1168: Invalid cop=-1 in id=a51f9ce3-ab06-4af7-b68b-328f58f8bbf9
06:15:05  [rank0]  WARNING    Skipping example 1172: Invalid cop=-1 in id=df6636c1-67be-4609-8930-0fbaf696eda3
06:15:05  [rank0]  WARNING    Skipping example 1176: Invalid cop=-1 in id=d73e668a-9e17-4abb-aa06-3f1dcef332b7
06:15:05  [rank0]  WARNING    Skipping example 1180: Invalid cop=-1 in id=81b154d9-469e-475a-b6bb-d0b1d8bfb04c
06:15:05  [rank0]  WARNING    Skipping example 1184: Invalid cop=-1 in id=c7f19c7f-6244-4184-a259-a395eab361f5
06:15:05  [rank0]  WARNING    Skipping example 1188: Invalid cop=-1 in id=444f547a-83a7-4841-8bf5-a8533d178e81
06:15:05  [rank0]  WARNING    Skipping example 1192: Invalid cop=-1 in id=bcac2482-1431-4915-b50e-63a437d4d8ea
06:15:05  [rank0]  WARNING    Skipping example 1196: Invalid cop=-1 in id=aeb73377-2ab8-46aa-ae19-79fb0c497c79
06:15:05  [rank0]  WARNING    Skipping example 1200: Invalid cop=-1 in id=5540b6f5-df61-4931-be12-a40066855d7a
06:15:05  [rank0]  WARNING    Skipping example 1204: Invalid cop=-1 in id=11bed697-c846-46ba-ab65-b8dc6090936f
06:15:05  [rank0]  WARNING    Skipping example 1208: Invalid cop=-1 in id=cf600e1a-e8de-4a71-8976-b829cb51c513
06:15:05  [rank0]  WARNING    Skipping example 1212: Invalid cop=-1 in id=12f3e9d2-07c4-4843-be0c-35db28463d5c
06:15:05  [rank0]  WARNING    Skipping example 1216: Invalid cop=-1 in id=dd9976da-84ad-402e-a4a4-3e9993088781
06:15:05  [rank0]  WARNING    Skipping example 1220: Invalid cop=-1 in id=21fae915-1790-420c-8a86-377ff6014557
06:15:05  [rank0]  WARNING    Skipping example 1224: Invalid cop=-1 in id=e26e0505-08f8-4893-a208-a336379f481f
06:15:05  [rank0]  WARNING    Skipping example 1228: Invalid cop=-1 in id=9ff74d2e-76f3-42b9-9ade-0e1c748e32b1
06:15:05  [rank0]  WARNING    Skipping example 1232: Invalid cop=-1 in id=0660d30a-b174-4dcf-b291-e74019786efe
06:15:05  [rank0]  WARNING    Skipping example 1236: Invalid cop=-1 in id=c1c92a9f-26fb-4bb7-ab20-93eb4844904b
06:15:05  [rank0]  WARNING    Skipping example 1240: Invalid cop=-1 in id=996e3ded-5fcf-47a5-aade-748e3b788cd5
06:15:05  [rank0]  WARNING    Skipping example 1244: Invalid cop=-1 in id=05986573-e896-423f-96ec-2f57b79e9e5b
06:15:05  [rank0]  WARNING    Skipping example 1248: Invalid cop=-1 in id=0c0feee9-d505-4863-bcb5-19befc87d8c9
06:15:05  [rank0]  WARNING    Skipping example 1252: Invalid cop=-1 in id=40cc5a11-03f3-486a-951c-ebd13ab2630f
06:15:05  [rank0]  WARNING    Skipping example 1256: Invalid cop=-1 in id=f92d3c5e-cc61-43de-b89d-acbeadbd5c8f
06:15:05  [rank0]  WARNING    Skipping example 1260: Invalid cop=-1 in id=0dccb5fe-8ec3-4ee7-ae68-3bf7d72ca35e
06:15:05  [rank0]  WARNING    Skipping example 1264: Invalid cop=-1 in id=69d01856-eeef-46bc-aac6-5d2d784f7e0c
06:15:05  [rank0]  WARNING    Skipping example 1268: Invalid cop=-1 in id=669ebf17-9db0-4917-b31c-47c7ce344027
06:15:05  [rank0]  WARNING    Skipping example 1272: Invalid cop=-1 in id=b765c581-01e9-467a-99a4-ad0eb3218c4d
06:15:05  [rank0]  WARNING    Skipping example 1276: Invalid cop=-1 in id=17b96ea1-24ad-42ba-a159-9600e6e78a25
06:15:05  [rank0]  WARNING    Skipping example 1280: Invalid cop=-1 in id=99ffa629-17b7-4dd0-9a50-2f48b31f2643
06:15:05  [rank0]  WARNING    Skipping example 1284: Invalid cop=-1 in id=97e3c218-8fc9-4529-901c-223b288fef37
06:15:05  [rank0]  WARNING    Skipping example 1288: Invalid cop=-1 in id=3bd438aa-d008-4664-9ee6-2a3549e634ad
06:15:05  [rank0]  WARNING    Skipping example 1292: Invalid cop=-1 in id=b5710f7d-23dc-498a-ae00-724a30bf2864
06:15:05  [rank0]  WARNING    Skipping example 1296: Invalid cop=-1 in id=c8d99aaf-df1a-498e-9cb0-7a55afbe45d8
06:15:05  [rank0]  WARNING    Skipping example 1300: Invalid cop=-1 in id=e9f597d4-60d3-464a-bb1c-351e70e24cca
06:15:05  [rank0]  WARNING    Skipping example 1304: Invalid cop=-1 in id=42e66934-975d-4c67-a0f7-e210b9172e18
06:15:05  [rank0]  WARNING    Skipping example 1308: Invalid cop=-1 in id=e194248a-f9c3-4039-971c-40424b3cf8e1
06:15:05  [rank0]  WARNING    Skipping example 1312: Invalid cop=-1 in id=b43c4690-21d4-4020-bad8-03d5f55a85b9
06:15:05  [rank0]  WARNING    Skipping example 1316: Invalid cop=-1 in id=47ed1864-98b5-48c1-846d-6d25319f9741
06:15:05  [rank0]  WARNING    Skipping example 1320: Invalid cop=-1 in id=a8b5ded7-ef78-42cf-98a8-9047fed4fcd8
06:15:05  [rank0]  WARNING    Skipping example 1324: Invalid cop=-1 in id=ca7200ea-9723-486a-8e32-4590ac708fb7
06:15:05  [rank0]  WARNING    Skipping example 1328: Invalid cop=-1 in id=7cf0b8a3-ccfb-420e-9bbe-53f1fd3569d5
06:15:05  [rank0]  WARNING    Skipping example 1332: Invalid cop=-1 in id=2d98b3f7-81fa-47b3-8357-4fce01d54628
06:15:05  [rank0]  WARNING    Skipping example 1336: Invalid cop=-1 in id=09709eee-875a-40e2-be07-1d43c6871622
06:15:05  [rank0]  WARNING    Skipping example 1340: Invalid cop=-1 in id=51739f81-1451-4948-bbd1-bad4a85250d1
06:15:05  [rank0]  WARNING    Skipping example 1344: Invalid cop=-1 in id=8d04a6f0-cc1a-496f-be69-6059ef15f554
06:15:05  [rank0]  WARNING    Skipping example 1348: Invalid cop=-1 in id=7301f2fc-befd-41aa-8401-b1f4cd4c2e71
06:15:05  [rank0]  WARNING    Skipping example 1352: Invalid cop=-1 in id=d35f3bd3-9f3e-482e-bda6-5a89c9782af3
06:15:05  [rank0]  WARNING    Skipping example 1356: Invalid cop=-1 in id=35db19fd-6b7c-4431-98ed-bf30c5eee0ab
06:15:05  [rank0]  WARNING    Skipping example 1360: Invalid cop=-1 in id=986b339a-1626-4d23-99a4-2c5ac868965d
06:15:05  [rank0]  WARNING    Skipping example 1364: Invalid cop=-1 in id=18b050c9-586a-4e87-bc55-792df66d8bda
06:15:05  [rank0]  WARNING    Skipping example 1368: Invalid cop=-1 in id=615892fe-b9b5-4300-a30b-771647d3e985
06:15:05  [rank0]  WARNING    Skipping example 1372: Invalid cop=-1 in id=352d2635-21df-454c-8afb-878e9d15517d
06:15:05  [rank0]  WARNING    Skipping example 1376: Invalid cop=-1 in id=92c0ccb1-76f8-45fb-9ef6-f2321d634962
06:15:05  [rank0]  WARNING    Skipping example 1380: Invalid cop=-1 in id=c07bf640-922a-4cb6-b588-6cdf640674ac
06:15:05  [rank0]  WARNING    Skipping example 1384: Invalid cop=-1 in id=2c457d96-bf88-4b8e-a2d2-3df2eed59ca1
06:15:05  [rank0]  WARNING    Skipping example 1388: Invalid cop=-1 in id=87dadfa7-afba-4765-8f5f-1074e4b1ac9c
06:15:05  [rank0]  WARNING    Skipping example 1392: Invalid cop=-1 in id=235ece0c-9705-4c3a-85bd-65a7a0b8660a
06:15:05  [rank0]  WARNING    Skipping example 1396: Invalid cop=-1 in id=5f3c43fb-8563-4569-9c50-bdd8c6ba5976
06:15:05  [rank0]  WARNING    Skipping example 1400: Invalid cop=-1 in id=de960fa7-11d4-4fd7-a944-122b233ec693
06:15:05  [rank0]  WARNING    Skipping example 1404: Invalid cop=-1 in id=2158eb5e-1db0-48d3-ae62-d65321d27a25
06:15:05  [rank0]  WARNING    Skipping example 1408: Invalid cop=-1 in id=56adce95-e393-476c-acd5-81126dfded38
06:15:05  [rank0]  WARNING    Skipping example 1412: Invalid cop=-1 in id=4ee8f3eb-e971-46bd-8b06-adad7eb46f53
06:15:05  [rank0]  WARNING    Skipping example 1416: Invalid cop=-1 in id=36f3a682-66fb-44cb-a68c-96134a617d7c
06:15:05  [rank0]  WARNING    Skipping example 1420: Invalid cop=-1 in id=53bab959-7383-4a05-9654-085e9f689d51
06:15:05  [rank0]  WARNING    Skipping example 1424: Invalid cop=-1 in id=11e4aea5-e904-4265-ae0c-45db1c2d5a3c
06:15:05  [rank0]  WARNING    Skipping example 1428: Invalid cop=-1 in id=6fb2ec04-3002-4cfa-bb43-cd06deb33c88
06:15:05  [rank0]  WARNING    Skipping example 1432: Invalid cop=-1 in id=782bf0a9-f490-47f7-be88-7e75bbed0a51
06:15:05  [rank0]  WARNING    Skipping example 1436: Invalid cop=-1 in id=aa2471ce-9113-4662-9634-c7f6c3fd60cc
06:15:05  [rank0]  WARNING    Skipping example 1440: Invalid cop=-1 in id=be3cfa50-9100-4aae-ba7f-3cdc61c34c44
06:15:05  [rank0]  WARNING    Skipping example 1444: Invalid cop=-1 in id=fa850c95-a2f2-4a28-a2f2-6ec52f9c9544
06:15:05  [rank0]  WARNING    Skipping example 1448: Invalid cop=-1 in id=605ca8a8-9d03-42d2-95cb-b7e4187f7ea0
06:15:05  [rank0]  WARNING    Skipping example 1452: Invalid cop=-1 in id=a56c0f80-8766-418d-9258-96690087372d
06:15:05  [rank0]  WARNING    Skipping example 1456: Invalid cop=-1 in id=a95a7c43-b978-4d26-950a-55c3375fd151
06:15:05  [rank0]  WARNING    Skipping example 1460: Invalid cop=-1 in id=1f874e98-55f2-4c5c-8f76-c40930ce409e
06:15:05  [rank0]  WARNING    Skipping example 1464: Invalid cop=-1 in id=add5b679-07ba-4a79-a5fa-2c3216c3cc89
06:15:05  [rank0]  WARNING    Skipping example 1468: Invalid cop=-1 in id=e622d9bb-8886-4f87-a45c-ff751276bd8a
06:15:05  [rank0]  WARNING    Skipping example 1472: Invalid cop=-1 in id=682feee3-1d3b-4fd9-a57c-846c3a80d82d
06:15:05  [rank0]  WARNING    Skipping example 1476: Invalid cop=-1 in id=beedfc3a-ab66-42e2-a351-bab3402b8da3
06:15:05  [rank0]  WARNING    Skipping example 1480: Invalid cop=-1 in id=880aca63-5ed6-4699-a940-b228572f139c
06:15:05  [rank0]  WARNING    Skipping example 1484: Invalid cop=-1 in id=0dde389e-6e32-46ed-a870-ade8864ba2d6
06:15:05  [rank0]  WARNING    Skipping example 1488: Invalid cop=-1 in id=eb670153-e338-444b-a9b8-e543d09a10f6
06:15:05  [rank0]  WARNING    Skipping example 1492: Invalid cop=-1 in id=9c3ff30b-6237-4310-b2a2-e7f3e7ba3d36
06:15:05  [rank0]  WARNING    Skipping example 1496: Invalid cop=-1 in id=c95f724d-49ff-4cbd-b4a3-87313cca9557
06:15:05  [rank0]  WARNING    Skipping example 1500: Invalid cop=-1 in id=ea345808-d58a-41d3-b07e-b91332fd428e
06:15:05  [rank0]  WARNING    Skipping example 1504: Invalid cop=-1 in id=f83f0477-1857-4872-a522-149d7f22f811
06:15:05  [rank0]  WARNING    Skipping example 1508: Invalid cop=-1 in id=7d2ea5ed-8b65-462e-b171-e8adf1b393f1
06:15:05  [rank0]  WARNING    Skipping example 1512: Invalid cop=-1 in id=f11318f2-83dd-4a72-9484-3053972916ec
06:15:05  [rank0]  WARNING    Skipping example 1516: Invalid cop=-1 in id=e7eb3be3-c7b0-41fb-81db-6dfbd742e61f
06:15:05  [rank0]  WARNING    Skipping example 1520: Invalid cop=-1 in id=46b94c9d-7b0c-4fba-8b5a-a7d5f5b2f9d8
06:15:05  [rank0]  WARNING    Skipping example 1524: Invalid cop=-1 in id=4d68883a-1586-4616-8871-9d7c49feacc7
06:15:05  [rank0]  WARNING    Skipping example 1528: Invalid cop=-1 in id=59b3200f-b672-4296-884e-186f8997251b
06:15:05  [rank0]  WARNING    Skipping example 1532: Invalid cop=-1 in id=cca470df-cf62-4235-83b8-4d40f3d1b5aa
06:15:05  [rank0]  WARNING    Skipping example 1536: Invalid cop=-1 in id=f21707f5-abfd-49b6-a504-bd8ea770f23e
06:15:05  [rank0]  WARNING    Skipping example 1540: Invalid cop=-1 in id=e07e4751-59ab-4c87-9005-ef546616b1ed
06:15:05  [rank0]  WARNING    Skipping example 1544: Invalid cop=-1 in id=2fb07d98-2386-4228-b889-310b7b81b55b
06:15:05  [rank0]  WARNING    Skipping example 1548: Invalid cop=-1 in id=fe0d7e79-6a10-4e13-851a-4c46469dd825
06:15:05  [rank0]  WARNING    Skipping example 1552: Invalid cop=-1 in id=b6bb732d-a8d1-400d-bf66-62925ac0b928
06:15:05  [rank0]  WARNING    Skipping example 1556: Invalid cop=-1 in id=b94ba048-1679-46ac-b35f-cf90f13632bd
06:15:05  [rank0]  WARNING    Skipping example 1560: Invalid cop=-1 in id=945baa73-9a96-46eb-8c62-a5cecc3db263
06:15:05  [rank0]  WARNING    Skipping example 1564: Invalid cop=-1 in id=cfe79de6-a6ee-4b82-bc26-115304ffbbfe
06:15:05  [rank0]  WARNING    Skipping example 1568: Invalid cop=-1 in id=5232ec53-3665-48e8-ba3a-baf0975d5c9a
06:15:05  [rank0]  WARNING    Skipping example 1572: Invalid cop=-1 in id=dcbe17b2-883b-4354-ac6d-95a29b8bf086
06:15:05  [rank0]  WARNING    Skipping example 1576: Invalid cop=-1 in id=b9cd772b-640b-4ee8-a499-223868c1480d
06:15:05  [rank0]  WARNING    Skipping example 1580: Invalid cop=-1 in id=157cdf6c-7693-4e21-8d37-f9f76544c3b3
06:15:05  [rank0]  WARNING    Skipping example 1584: Invalid cop=-1 in id=c0e3915b-2bbc-43de-aa2e-c8084545cfb9
06:15:05  [rank0]  WARNING    Skipping example 1588: Invalid cop=-1 in id=292d2171-95ba-4b66-81d6-9815c2e94083
06:15:05  [rank0]  WARNING    Skipping example 1592: Invalid cop=-1 in id=a2ac4be7-9335-458c-9d6b-4feb08109ba8
06:15:05  [rank0]  WARNING    Skipping example 1596: Invalid cop=-1 in id=0125436c-1872-4327-8288-bafbc00ee936
06:15:05  [rank0]  WARNING    Skipping example 1600: Invalid cop=-1 in id=7e2acc7c-03b8-46f5-b67c-218222e7897b
06:15:05  [rank0]  WARNING    Skipping example 1604: Invalid cop=-1 in id=a6514b21-8e77-4374-bfb1-a8b4b3687a7f
06:15:05  [rank0]  WARNING    Skipping example 1608: Invalid cop=-1 in id=a6004837-1cd1-4145-b336-f70532721424
06:15:05  [rank0]  WARNING    Skipping example 1612: Invalid cop=-1 in id=274e3835-423e-4bcb-9359-7c32cade0786
06:15:05  [rank0]  WARNING    Skipping example 1616: Invalid cop=-1 in id=defa4056-df20-4023-ad15-a71313c4d350
06:15:05  [rank0]  WARNING    Skipping example 1620: Invalid cop=-1 in id=2990c22f-93db-409a-8f01-9d4f8074c110
06:15:05  [rank0]  WARNING    Skipping example 1624: Invalid cop=-1 in id=ec9ba336-eac9-412b-ae8f-cf90e2331c15
06:15:05  [rank0]  WARNING    Skipping example 1628: Invalid cop=-1 in id=277d4fec-1623-4e0a-8931-9d4c4a2aa29d
06:15:05  [rank0]  WARNING    Skipping example 1632: Invalid cop=-1 in id=6c5d1126-a3b2-480d-bc62-b322c63ce2fc
06:15:05  [rank0]  WARNING    Skipping example 1636: Invalid cop=-1 in id=ac75cffe-f63d-4e98-8897-91ab2091041c
06:15:05  [rank0]  WARNING    Skipping example 1640: Invalid cop=-1 in id=d09cbe8f-fc13-44c8-9426-74e25efa7a8c
06:15:05  [rank0]  WARNING    Skipping example 1644: Invalid cop=-1 in id=94678fdf-e76f-4970-8442-e4b98eb93859
06:15:05  [rank0]  WARNING    Skipping example 1648: Invalid cop=-1 in id=7bcbef8c-357f-42ed-b358-fdac91d32ef8
06:15:05  [rank0]  WARNING    Skipping example 1652: Invalid cop=-1 in id=dcbdfb51-1ab5-44b8-b04f-9b5575805433
06:15:05  [rank0]  WARNING    Skipping example 1656: Invalid cop=-1 in id=90a0109e-71b5-4d62-96d0-3f32843412db
06:15:05  [rank0]  WARNING    Skipping example 1660: Invalid cop=-1 in id=3b5ff8fc-7c98-48ed-ad14-74090a1e63ec
06:15:05  [rank0]  WARNING    Skipping example 1664: Invalid cop=-1 in id=ee80bc52-bb91-4c27-8780-4a9147a06261
06:15:05  [rank0]  WARNING    Skipping example 1668: Invalid cop=-1 in id=ec5172e5-5429-429c-afcb-819a6bc96c99
06:15:05  [rank0]  WARNING    Skipping example 1672: Invalid cop=-1 in id=541d4920-5943-4fe4-8b90-bb45209cba27
06:15:05  [rank0]  WARNING    Skipping example 1676: Invalid cop=-1 in id=28d81379-5638-4043-8877-24e55d624654
06:15:05  [rank0]  WARNING    Skipping example 1680: Invalid cop=-1 in id=0abf62e6-3209-426e-b62e-62d5358a1467
06:15:05  [rank0]  WARNING    Skipping example 1684: Invalid cop=-1 in id=b6f5758e-0c3a-4d68-bf43-60264e58ee50
06:15:05  [rank0]  WARNING    Skipping example 1688: Invalid cop=-1 in id=7f7bd760-4b0f-450a-9757-b2b4caa0aeec
06:15:05  [rank0]  WARNING    Skipping example 1692: Invalid cop=-1 in id=3d86b2b9-cc56-4880-8ef1-bf3fe10ee9f5
06:15:05  [rank0]  WARNING    Skipping example 1696: Invalid cop=-1 in id=5b933570-41a5-416a-8952-f6010ffc56a1
06:15:05  [rank0]  WARNING    Skipping example 1700: Invalid cop=-1 in id=9210a56c-f38d-4278-acdd-ec844b7572c8
06:15:05  [rank0]  WARNING    Skipping example 1704: Invalid cop=-1 in id=7645b8ef-9660-48e7-ad25-853a5af08ee0
06:15:05  [rank0]  WARNING    Skipping example 1708: Invalid cop=-1 in id=5f09ecae-b7e7-44aa-8ccf-ce54871d046a
06:15:05  [rank0]  WARNING    Skipping example 1712: Invalid cop=-1 in id=89f5d661-ab1c-4881-8cc8-dc7dfd155d6b
06:15:05  [rank0]  WARNING    Skipping example 1716: Invalid cop=-1 in id=66ca2e1c-a069-4e32-bab6-d1300b427f36
06:15:05  [rank0]  WARNING    Skipping example 1720: Invalid cop=-1 in id=2c522e9f-929a-4993-94f2-5cbdd433f47d
06:15:05  [rank0]  WARNING    Skipping example 1724: Invalid cop=-1 in id=c06a6790-3a50-4072-a3b8-30bfc6cf59d9
06:15:05  [rank0]  WARNING    Skipping example 1728: Invalid cop=-1 in id=17e1c478-1665-493c-b25e-55b04d1eef2c
06:15:05  [rank0]  WARNING    Skipping example 1732: Invalid cop=-1 in id=2c6f2477-bbe3-4ca8-bb0c-b5f068d25c4a
06:15:05  [rank0]  WARNING    Skipping example 1736: Invalid cop=-1 in id=689eb0af-e68f-48eb-8298-459679a9ee71
06:15:05  [rank0]  WARNING    Skipping example 1740: Invalid cop=-1 in id=9caf0d49-4469-4f6f-81b0-904fe2ad7a64
06:15:05  [rank0]  WARNING    Skipping example 1744: Invalid cop=-1 in id=d8ed0eed-69c8-4ff7-8d20-0239e5538726
06:15:05  [rank0]  WARNING    Skipping example 1748: Invalid cop=-1 in id=46d9eeb3-8423-4e54-bbf6-5a3afde08015
06:15:05  [rank0]  WARNING    Skipping example 1752: Invalid cop=-1 in id=7b87f4a3-a8c2-4ee2-a25c-c16963e1c5d1
06:15:05  [rank0]  WARNING    Skipping example 1756: Invalid cop=-1 in id=df086b17-a9a2-4fca-aded-dab9dbf9d1d5
06:15:05  [rank0]  WARNING    Skipping example 1760: Invalid cop=-1 in id=51b6c018-eac4-4723-8e96-b151d5d4af52
06:15:05  [rank0]  WARNING    Skipping example 1764: Invalid cop=-1 in id=7531d48b-9b88-4154-96ef-5c8fe5780355
06:15:05  [rank0]  WARNING    Skipping example 1768: Invalid cop=-1 in id=42349721-0a79-4598-9a0a-0fe9540a9f98
06:15:05  [rank0]  WARNING    Skipping example 1772: Invalid cop=-1 in id=74115cfc-cdfd-4205-9db5-509cc656e822
06:15:05  [rank0]  WARNING    Skipping example 1776: Invalid cop=-1 in id=07039f97-3ee8-412e-920d-0cbb1b6b4fea
06:15:05  [rank0]  WARNING    Skipping example 1780: Invalid cop=-1 in id=a4804a5b-0d5b-4b54-9d76-0c0420bc1585
06:15:05  [rank0]  WARNING    Skipping example 1784: Invalid cop=-1 in id=531ce3f9-d9b8-453d-967e-88fd7451ea76
06:15:05  [rank0]  WARNING    Skipping example 1788: Invalid cop=-1 in id=b1865289-2d71-4039-a6e1-5986db8610b2
06:15:05  [rank0]  WARNING    Skipping example 1792: Invalid cop=-1 in id=9d056012-4a6b-4a61-99df-5b668493f9bf
06:15:05  [rank0]  WARNING    Skipping example 1796: Invalid cop=-1 in id=2379c39c-84d0-4742-a0df-cfb30cbce8c5
06:15:05  [rank0]  WARNING    Skipping example 1800: Invalid cop=-1 in id=99d774c8-3a70-45d2-8be4-70eb82bd2b3e
06:15:05  [rank0]  WARNING    Skipping example 1804: Invalid cop=-1 in id=c8573385-5e20-413d-9723-7923289c5eeb
06:15:05  [rank0]  WARNING    Skipping example 1808: Invalid cop=-1 in id=15f5d725-c7d5-4528-b7b6-4404ac29a8dd
06:15:05  [rank0]  WARNING    Skipping example 1812: Invalid cop=-1 in id=e5278292-ecc6-47d9-bf68-5e4cf10edbf1
06:15:05  [rank0]  WARNING    Skipping example 1816: Invalid cop=-1 in id=8c075244-0dc5-4127-a862-56486ed8c3e6
06:15:05  [rank0]  WARNING    Skipping example 1820: Invalid cop=-1 in id=b4c23493-f5d0-45ff-ad4e-aa2c08cea69b
06:15:05  [rank0]  WARNING    Skipping example 1824: Invalid cop=-1 in id=044f51f6-9928-4a17-9850-ea64c17c544d
06:15:05  [rank0]  WARNING    Skipping example 1828: Invalid cop=-1 in id=429dffb0-df4d-4cef-adf2-b7cfa81f9555
06:15:05  [rank0]  WARNING    Skipping example 1832: Invalid cop=-1 in id=de3dd797-d2a5-43f0-98d5-dee328ac0479
06:15:05  [rank0]  WARNING    Skipping example 1836: Invalid cop=-1 in id=1590d7f0-512a-4679-aa13-55e4037aa951
06:15:05  [rank0]  WARNING    Skipping example 1840: Invalid cop=-1 in id=3b174fd9-f998-470e-a9ee-6beba3dc670d
06:15:05  [rank0]  WARNING    Skipping example 1844: Invalid cop=-1 in id=ed4380f2-df23-4ed3-a393-2d8a86982692
06:15:05  [rank0]  WARNING    Skipping example 1848: Invalid cop=-1 in id=dd50a4a0-39aa-4500-abf7-80775a441856
06:15:05  [rank0]  WARNING    Skipping example 1852: Invalid cop=-1 in id=384de9dc-da2c-4588-a8d4-4c94c3507e40
06:15:05  [rank0]  WARNING    Skipping example 1856: Invalid cop=-1 in id=1a3bdeb2-9ec6-4979-9921-edc05f3cb202
06:15:05  [rank0]  WARNING    Skipping example 1860: Invalid cop=-1 in id=d9c33b4c-0a0a-4504-9076-d16143449baf
06:15:05  [rank0]  WARNING    Skipping example 1864: Invalid cop=-1 in id=83a5885a-d333-484d-b8a0-fd1b1adb6ec7
06:15:05  [rank0]  WARNING    Skipping example 1868: Invalid cop=-1 in id=a08e67ab-6642-412d-8de2-b8233d63dedf
06:15:05  [rank0]  WARNING    Skipping example 1872: Invalid cop=-1 in id=d8d80482-e1c2-432a-87aa-d8b2aac1834f
06:15:05  [rank0]  WARNING    Skipping example 1876: Invalid cop=-1 in id=83d6dbde-8ccd-42c6-9c80-b033d02fc1a9
06:15:05  [rank0]  WARNING    Skipping example 1880: Invalid cop=-1 in id=1916fa87-2c17-4035-a4b1-73f8e94970c2
06:15:05  [rank0]  WARNING    Skipping example 1884: Invalid cop=-1 in id=c319c488-b15f-480a-bc39-a05e50dab365
06:15:05  [rank0]  WARNING    Skipping example 1888: Invalid cop=-1 in id=ef91114f-09d3-407c-9760-253c454a5fdc
06:15:05  [rank0]  WARNING    Skipping example 1892: Invalid cop=-1 in id=9f533a6d-6e8a-4938-b069-75ee63d001c1
06:15:05  [rank0]  WARNING    Skipping example 1896: Invalid cop=-1 in id=bdebf007-9013-442f-bd08-23f645310ed2
06:15:05  [rank0]  WARNING    Skipping example 1900: Invalid cop=-1 in id=4e8fadc1-03ac-4057-acaf-ac2c3e89c645
06:15:05  [rank0]  WARNING    Skipping example 1904: Invalid cop=-1 in id=6f515256-a640-4e18-bdc0-e04d48c3b446
06:15:05  [rank0]  WARNING    Skipping example 1908: Invalid cop=-1 in id=bd4200f4-d5ae-47bc-87db-28fa89361660
06:15:05  [rank0]  WARNING    Skipping example 1912: Invalid cop=-1 in id=31b344db-cc73-4497-88c9-17b4219d425e
06:15:05  [rank0]  WARNING    Skipping example 1916: Invalid cop=-1 in id=addc145a-1fc8-4404-94b0-4fa826a82643
06:15:05  [rank0]  WARNING    Skipping example 1920: Invalid cop=-1 in id=488bf17b-c794-4b56-a29c-713e8553d280
06:15:05  [rank0]  WARNING    Skipping example 1924: Invalid cop=-1 in id=df7be957-7146-49a8-a61e-b869bc4f469b
06:15:05  [rank0]  WARNING    Skipping example 1928: Invalid cop=-1 in id=ae1a6132-6144-4784-a276-efc603e2301b
06:15:05  [rank0]  WARNING    Skipping example 1932: Invalid cop=-1 in id=02aff4eb-1e7d-4d1b-b9f2-46bb6ccb27c6
06:15:05  [rank0]  WARNING    Skipping example 1936: Invalid cop=-1 in id=b9381665-21ad-4ec0-ac33-9dd79bd5a7e9
06:15:05  [rank0]  WARNING    Skipping example 1940: Invalid cop=-1 in id=e2085646-0e31-40d9-af5a-41cc52a95d4a
06:15:05  [rank0]  WARNING    Skipping example 1944: Invalid cop=-1 in id=bb972dd1-bbd4-4ea3-b161-1f85d24549a5
06:15:05  [rank0]  WARNING    Skipping example 1948: Invalid cop=-1 in id=131605cd-2e5e-4db5-b7b3-8704bbe3df7f
06:15:05  [rank0]  WARNING    Skipping example 1952: Invalid cop=-1 in id=fd6e32d5-94d4-4425-89b0-9bb1323222c7
06:15:05  [rank0]  WARNING    Skipping example 1956: Invalid cop=-1 in id=8ab53be4-785c-4c32-887b-c9f708c10547
06:15:05  [rank0]  WARNING    Skipping example 1960: Invalid cop=-1 in id=4350bb6a-f8b8-4d4f-a394-779a15e1f4c6
06:15:05  [rank0]  WARNING    Skipping example 1964: Invalid cop=-1 in id=3b4e7bfc-8735-418d-a061-e180aad9492f
06:15:05  [rank0]  WARNING    Skipping example 1968: Invalid cop=-1 in id=1b1c648e-64bf-4e9b-9d42-ff2d9215336e
06:15:05  [rank0]  WARNING    Skipping example 1972: Invalid cop=-1 in id=07063eb0-78f1-476f-9b83-a43073944474
06:15:05  [rank0]  WARNING    Skipping example 1976: Invalid cop=-1 in id=db54cc0a-272d-4cf9-ac76-d96a90a32bef
06:15:05  [rank0]  WARNING    Skipping example 1980: Invalid cop=-1 in id=544e3a0c-8d8d-4500-94fb-90e402183be2
06:15:05  [rank0]  WARNING    Skipping example 1984: Invalid cop=-1 in id=f06a29f1-00c8-4a9f-b2a9-163cd6d59aa8
06:15:05  [rank0]  WARNING    Skipping example 1988: Invalid cop=-1 in id=8cc270f9-efd8-48f9-ae42-ac9430fa4483
06:15:05  [rank0]  WARNING    Skipping example 1992: Invalid cop=-1 in id=0713dd7c-3b62-43d7-bf58-54968f8c8b94
06:15:05  [rank0]  WARNING    Skipping example 1996: Invalid cop=-1 in id=26a32c20-0eb2-4a23-a4fd-884cd4ac62fd
06:15:05  [rank0]  WARNING    Skipping example 2000: Invalid cop=-1 in id=4e60c23e-dc0f-4de8-b772-dec982bc893d
06:15:05  [rank0]  WARNING    Skipping example 2004: Invalid cop=-1 in id=c597e3f3-d555-4dfc-b673-f843739ce220
06:15:05  [rank0]  WARNING    Skipping example 2008: Invalid cop=-1 in id=4891e3e1-283c-4f06-a523-b0b46e49a47e
06:15:05  [rank0]  WARNING    Skipping example 2012: Invalid cop=-1 in id=89b61c3d-4e45-4360-a2a5-a141d0714a11
06:15:05  [rank0]  WARNING    Skipping example 2016: Invalid cop=-1 in id=af867f3e-5ec1-4d07-9bc1-b60d3cec48d4
06:15:05  [rank0]  WARNING    Skipping example 2020: Invalid cop=-1 in id=f8b3f4d6-5bc4-4881-baa1-a9c71740114f
06:15:05  [rank0]  WARNING    Skipping example 2024: Invalid cop=-1 in id=8454f883-5c1e-4326-8a7c-b6fcc7cd849b
06:15:05  [rank0]  WARNING    Skipping example 2028: Invalid cop=-1 in id=8fabfa8f-f3fc-4f56-9f23-028a56ed7903
06:15:05  [rank0]  WARNING    Skipping example 2032: Invalid cop=-1 in id=74e6ffdb-90c0-4a60-9205-95c4ca7a7d11
06:15:05  [rank0]  WARNING    Skipping example 2036: Invalid cop=-1 in id=eae93ff3-3ca0-4b05-891d-88a2bed3e3ae
06:15:05  [rank0]  WARNING    Skipping example 2040: Invalid cop=-1 in id=baeee8a2-abd2-4b71-984d-407176877231
06:15:05  [rank0]  WARNING    Skipping example 2044: Invalid cop=-1 in id=1bfc2680-085f-44a1-b51f-b54359599624
06:15:05  [rank0]  WARNING    Skipping example 2048: Invalid cop=-1 in id=17332dc5-9b7c-48ce-83b1-6f449e14b208
06:15:05  [rank0]  WARNING    Skipping example 2052: Invalid cop=-1 in id=7a7ff65e-5b2b-4122-a3d4-3a5f69b372e5
06:15:05  [rank0]  WARNING    Skipping example 2056: Invalid cop=-1 in id=c9f72085-eca5-4f04-8ece-20f83707136a
06:15:05  [rank0]  WARNING    Skipping example 2060: Invalid cop=-1 in id=ea088689-c44a-4274-a7c0-baa3703a983d
06:15:05  [rank0]  WARNING    Skipping example 2064: Invalid cop=-1 in id=19e568dd-fc51-4958-a42e-8a57c5581b4e
06:15:05  [rank0]  WARNING    Skipping example 2068: Invalid cop=-1 in id=c2553938-82c0-421e-953b-083c345e2456
06:15:05  [rank0]  WARNING    Skipping example 2072: Invalid cop=-1 in id=438c866d-af25-48c5-aa3d-97bffe7afeb5
06:15:05  [rank0]  WARNING    Skipping example 2076: Invalid cop=-1 in id=fa57618a-e8e9-4bd9-8b61-407a83126e01
06:15:05  [rank0]  WARNING    Skipping example 2080: Invalid cop=-1 in id=d9772769-1756-48d2-9a6a-901883388dd0
06:15:05  [rank0]  WARNING    Skipping example 2084: Invalid cop=-1 in id=d1419647-6db0-44ec-9ea2-ab2cc10750ae
06:15:05  [rank0]  WARNING    Skipping example 2088: Invalid cop=-1 in id=6c752369-38f0-435f-b2af-f7642f901dda
06:15:05  [rank0]  WARNING    Skipping example 2092: Invalid cop=-1 in id=3aaa3c2d-0a32-4372-bb53-f312dfc690e6
06:15:05  [rank0]  WARNING    Skipping example 2096: Invalid cop=-1 in id=2011858a-10ee-4564-82a8-23d23b56ff6a
06:15:05  [rank0]  WARNING    Skipping example 2100: Invalid cop=-1 in id=8fdc7eb5-1d44-41e6-91fa-8b54e456f447
06:15:05  [rank0]  WARNING    Skipping example 2104: Invalid cop=-1 in id=c8986f76-bff8-42e8-93f0-b7001d5fc6b6
06:15:05  [rank0]  WARNING    Skipping example 2108: Invalid cop=-1 in id=d1b6616a-4493-4e62-8a9a-448f95814a5a
06:15:05  [rank0]  WARNING    Skipping example 2112: Invalid cop=-1 in id=5d715b17-8b73-4409-97fb-4029b569cb86
06:15:05  [rank0]  WARNING    Skipping example 2116: Invalid cop=-1 in id=bd06c561-527d-4c04-a7ed-cb1530668cbd
06:15:05  [rank0]  WARNING    Skipping example 2120: Invalid cop=-1 in id=b1a0dc14-d932-4147-919a-1b64677a19d5
06:15:05  [rank0]  WARNING    Skipping example 2124: Invalid cop=-1 in id=606980f1-e108-4ac2-b3f9-c1ddcbcc2c3d
06:15:05  [rank0]  WARNING    Skipping example 2128: Invalid cop=-1 in id=f7ec6924-7add-4f2f-bbe4-d66468023206
06:15:05  [rank0]  WARNING    Skipping example 2132: Invalid cop=-1 in id=b381a4aa-da58-450a-8945-45c007734dd0
06:15:05  [rank0]  WARNING    Skipping example 2136: Invalid cop=-1 in id=dea976da-9875-4911-8818-3d76a64296bf
06:15:05  [rank0]  WARNING    Skipping example 2140: Invalid cop=-1 in id=1ac8cf7c-4e05-4078-b5dc-dada44044934
06:15:05  [rank0]  WARNING    Skipping example 2144: Invalid cop=-1 in id=00e23074-4292-489f-a446-9af3c207d89f
06:15:05  [rank0]  WARNING    Skipping example 2148: Invalid cop=-1 in id=faa6180a-b8d8-4948-b32c-2c87d6d12a77
06:15:05  [rank0]  WARNING    Skipping example 2152: Invalid cop=-1 in id=f0a23c3f-21c6-4780-87fd-4b70f5a2b445
06:15:05  [rank0]  WARNING    Skipping example 2156: Invalid cop=-1 in id=2634b526-f52d-4f88-b6b8-66c6b3f6c757
06:15:05  [rank0]  WARNING    Skipping example 2160: Invalid cop=-1 in id=d222f4b7-1b08-4513-bfaa-9cecd67de9bd
06:15:05  [rank0]  WARNING    Skipping example 2164: Invalid cop=-1 in id=71942916-08a3-44fd-8d16-ab99bf9576e2
06:15:05  [rank0]  WARNING    Skipping example 2168: Invalid cop=-1 in id=3f52e995-9c66-4b4f-bf70-6a22b64193a1
06:15:05  [rank0]  WARNING    Skipping example 2172: Invalid cop=-1 in id=a54a2b42-ae9c-4ccf-b7d3-5455be3d4e42
06:15:05  [rank0]  WARNING    Skipping example 2176: Invalid cop=-1 in id=4f730445-f72a-46ea-b203-7ad4d343437f
06:15:05  [rank0]  WARNING    Skipping example 2180: Invalid cop=-1 in id=106fbc6c-4412-4747-9aff-60501e1809c9
06:15:05  [rank0]  WARNING    Skipping example 2184: Invalid cop=-1 in id=d207936d-7def-470a-946e-370cf2426090
06:15:05  [rank0]  WARNING    Skipping example 2188: Invalid cop=-1 in id=187b9268-3a3b-40f3-9430-ba44c3ffcbeb
06:15:05  [rank0]  WARNING    Skipping example 2192: Invalid cop=-1 in id=cc4d2d20-1e7b-4cea-8ec7-5a05a012b3df
06:15:05  [rank0]  WARNING    Skipping example 2196: Invalid cop=-1 in id=1429bfc7-202e-4e6c-9ee2-beae8fbff6cf
06:15:05  [rank0]  WARNING    Skipping example 2200: Invalid cop=-1 in id=f65ca066-bbfd-4fd6-8eb4-a108ffd0b920
06:15:05  [rank0]  WARNING    Skipping example 2204: Invalid cop=-1 in id=6ef663d4-5406-4c69-a266-1a601120a188
06:15:05  [rank0]  WARNING    Skipping example 2208: Invalid cop=-1 in id=292bc050-69d8-480c-bf9b-79e83c302699
06:15:05  [rank0]  WARNING    Skipping example 2212: Invalid cop=-1 in id=22814045-be5d-4958-812a-0bf45202f55f
06:15:05  [rank0]  WARNING    Skipping example 2216: Invalid cop=-1 in id=12a18907-ffd2-4ba0-913d-b10fdc671f72
06:15:05  [rank0]  WARNING    Skipping example 2220: Invalid cop=-1 in id=dc71674d-87bf-41ef-b201-f3f1f3a5bfd4
06:15:05  [rank0]  WARNING    Skipping example 2224: Invalid cop=-1 in id=7d5b720b-c4f1-4cf9-a9fb-df692c5b5366
06:15:05  [rank0]  WARNING    Skipping example 2228: Invalid cop=-1 in id=6117b895-22c2-4c7f-851f-5c88fb5c11c5
06:15:05  [rank0]  WARNING    Skipping example 2232: Invalid cop=-1 in id=35bd36dc-7efa-4791-b911-913491a00a48
06:15:05  [rank0]  WARNING    Skipping example 2236: Invalid cop=-1 in id=87071991-b772-4053-a2c1-9cefdff0e29e
06:15:05  [rank0]  WARNING    Skipping example 2240: Invalid cop=-1 in id=34422216-c698-46d6-952e-95a169c66a2b
06:15:05  [rank0]  WARNING    Skipping example 2244: Invalid cop=-1 in id=ed7eb429-5dbf-41f5-9d79-a6e1b0c1a549
06:15:05  [rank0]  WARNING    Skipping example 2248: Invalid cop=-1 in id=236bef72-d062-4a04-b8ca-4854ff395866
06:15:05  [rank0]  WARNING    Skipping example 2252: Invalid cop=-1 in id=d8a67c1f-3ce2-461b-af1c-1ba968664127
06:15:05  [rank0]  WARNING    Skipping example 2256: Invalid cop=-1 in id=6c39f9e6-6d84-4cb5-9a56-dde1db7fa97b
06:15:05  [rank0]  WARNING    Skipping example 2260: Invalid cop=-1 in id=26b7e420-bb44-4f3e-9ee0-f72460a039b4
06:15:05  [rank0]  WARNING    Skipping example 2264: Invalid cop=-1 in id=e9ed93a5-889d-4a99-a6b2-443b4385549c
06:15:05  [rank0]  WARNING    Skipping example 2268: Invalid cop=-1 in id=92ed94a1-0c8c-43f9-a4ac-c8814ae29efe
06:15:05  [rank0]  WARNING    Skipping example 2272: Invalid cop=-1 in id=0eaf41b4-21c6-47ab-8256-b206bcd03b19
06:15:05  [rank0]  WARNING    Skipping example 2276: Invalid cop=-1 in id=4a2f2997-5803-49c8-8769-8f411863834b
06:15:05  [rank0]  WARNING    Skipping example 2280: Invalid cop=-1 in id=67bec2f1-ea17-4b8d-b03c-7a1ed339e6d5
06:15:05  [rank0]  WARNING    Skipping example 2284: Invalid cop=-1 in id=805f8986-4e1a-4dbd-b9cd-e1eece613908
06:15:05  [rank0]  WARNING    Skipping example 2288: Invalid cop=-1 in id=ba1ab390-8b13-40b0-be09-5ca6a4d4e816
06:15:05  [rank0]  WARNING    Skipping example 2292: Invalid cop=-1 in id=21af8d25-cdd1-4787-8f38-ae12d8c8d973
06:15:05  [rank0]  WARNING    Skipping example 2296: Invalid cop=-1 in id=0deaacbc-11ab-4ebe-ac3b-092717b78370
06:15:05  [rank0]  WARNING    Skipping example 2300: Invalid cop=-1 in id=909b3cd2-9a5e-483d-94c5-50a52b69785e
06:15:05  [rank0]  WARNING    Skipping example 2304: Invalid cop=-1 in id=a3fb4773-e52a-4ecf-8a04-705bee64fa34
06:15:05  [rank0]  WARNING    Skipping example 2308: Invalid cop=-1 in id=cfa014cd-2f1a-4797-8c5d-c83de6606ecf
06:15:05  [rank0]  WARNING    Skipping example 2312: Invalid cop=-1 in id=c8cc7381-1537-44fc-ba63-1c74314e1427
06:15:05  [rank0]  WARNING    Skipping example 2316: Invalid cop=-1 in id=56094d21-0097-4cde-8f34-c31aa344d57d
06:15:05  [rank0]  WARNING    Skipping example 2320: Invalid cop=-1 in id=1694e890-0630-4637-ae04-84554af948a2
06:15:05  [rank0]  WARNING    Skipping example 2324: Invalid cop=-1 in id=578a13df-a2dd-472f-8838-71a5f3adc95f
06:15:05  [rank0]  WARNING    Skipping example 2328: Invalid cop=-1 in id=0bea3d49-8e95-4162-817a-69c6a511cde8
06:15:05  [rank0]  WARNING    Skipping example 2332: Invalid cop=-1 in id=e69a2fdc-f55f-4c4f-bf10-612e2d9a93d0
06:15:05  [rank0]  WARNING    Skipping example 2336: Invalid cop=-1 in id=f4796583-ced4-417c-a9c8-b45d780223ac
06:15:05  [rank0]  WARNING    Skipping example 2340: Invalid cop=-1 in id=0adeb5dc-8a94-4928-8d2d-93d765badb33
06:15:05  [rank0]  WARNING    Skipping example 2344: Invalid cop=-1 in id=04ec998d-6414-4dca-ab29-e88af8db7957
06:15:05  [rank0]  WARNING    Skipping example 2348: Invalid cop=-1 in id=c1530006-8550-45ba-ae88-f231e070a60a
06:15:05  [rank0]  WARNING    Skipping example 2352: Invalid cop=-1 in id=8de6c6d9-af56-46da-abca-ff078888fc09
06:15:05  [rank0]  WARNING    Skipping example 2356: Invalid cop=-1 in id=a04f53fa-f846-42d7-b5ee-e9ac1260dd44
06:15:05  [rank0]  WARNING    Skipping example 2360: Invalid cop=-1 in id=971ff385-529c-4e73-a186-84c5be20aa49
06:15:05  [rank0]  WARNING    Skipping example 2364: Invalid cop=-1 in id=20ed61c0-0ca2-4610-93ff-789277b8c6a9
06:15:05  [rank0]  WARNING    Skipping example 2368: Invalid cop=-1 in id=3a294b8d-7ff7-4000-be22-407169e1c6c3
06:15:05  [rank0]  WARNING    Skipping example 2372: Invalid cop=-1 in id=8f054151-7575-42b6-a4f1-9a7027dc7844
06:15:05  [rank0]  WARNING    Skipping example 2376: Invalid cop=-1 in id=51a8f784-22fe-44d5-8ef0-fff584c68135
06:15:05  [rank0]  WARNING    Skipping example 2380: Invalid cop=-1 in id=89d7960a-a80a-48ce-aabf-2185577f844a
06:15:05  [rank0]  WARNING    Skipping example 2384: Invalid cop=-1 in id=4ec382b6-6b73-41ac-9da5-ecf2dde857d0
06:15:05  [rank0]  WARNING    Skipping example 2388: Invalid cop=-1 in id=62febbc3-3fa2-4400-b248-10d533892f88
06:15:05  [rank0]  WARNING    Skipping example 2392: Invalid cop=-1 in id=5793448c-23c8-4b65-911f-b887bf165680
06:15:05  [rank0]  WARNING    Skipping example 2396: Invalid cop=-1 in id=e35370ac-8566-4bfb-adba-63a34ec0a92e
06:15:05  [rank0]  WARNING    Skipping example 2400: Invalid cop=-1 in id=89116f97-e9c8-4c70-8402-0547fed83a30
06:15:05  [rank0]  WARNING    Skipping example 2404: Invalid cop=-1 in id=0d1e3214-dad9-4f79-9225-bb64ca381b18
06:15:05  [rank0]  WARNING    Skipping example 2408: Invalid cop=-1 in id=43d21855-97b2-43d0-b5b1-6e4634c63191
06:15:05  [rank0]  WARNING    Skipping example 2412: Invalid cop=-1 in id=fc81e665-45a8-4d9c-b182-aaa4fc7eaa75
06:15:05  [rank0]  WARNING    Skipping example 2416: Invalid cop=-1 in id=81a19916-9cf9-46b7-8afd-93e5927be844
06:15:05  [rank0]  WARNING    Skipping example 2420: Invalid cop=-1 in id=5bbddcfa-acb9-4602-8f17-eb3a359ee1b4
06:15:05  [rank0]  WARNING    Skipping example 2424: Invalid cop=-1 in id=471448b5-a241-4434-b182-936fb744a5c6
06:15:05  [rank0]  WARNING    Skipping example 2428: Invalid cop=-1 in id=254aefb9-e9a0-4d6e-b91c-04ac5f5937dc
06:15:05  [rank0]  WARNING    Skipping example 2432: Invalid cop=-1 in id=753c8a34-b009-478b-8694-527ade7b20c2
06:15:05  [rank0]  WARNING    Skipping example 2436: Invalid cop=-1 in id=beef8429-45ac-4026-a98d-b9c9c5693de6
06:15:05  [rank0]  WARNING    Skipping example 2440: Invalid cop=-1 in id=67685dd7-d5b9-4c33-8e72-61141fd2a551
06:15:05  [rank0]  WARNING    Skipping example 2444: Invalid cop=-1 in id=ed3bbebc-9045-4293-bc17-9deffb261691
06:15:05  [rank0]  WARNING    Skipping example 2448: Invalid cop=-1 in id=d6f63ede-2b6a-4302-b2b8-9acac539e670
06:15:05  [rank0]  WARNING    Skipping example 2452: Invalid cop=-1 in id=094c4479-4278-476a-a64d-1e0a28604c7f
06:15:05  [rank0]  WARNING    Skipping example 2456: Invalid cop=-1 in id=ec825fc6-f439-492f-8598-db132884f161
06:15:05  [rank0]  WARNING    Skipping example 2460: Invalid cop=-1 in id=0b818240-08be-4ea9-801d-f69d6b9c26c8
06:15:05  [rank0]  WARNING    Skipping example 2464: Invalid cop=-1 in id=78938885-bb55-4bbe-b536-d0b712ca234e
06:15:05  [rank0]  WARNING    Skipping example 2468: Invalid cop=-1 in id=860d1fdd-c45f-47e9-b062-3a9b7bc085ed
06:15:05  [rank0]  WARNING    Skipping example 2472: Invalid cop=-1 in id=d4f50464-bdc0-458b-a6c4-90c7bbd7b97b
06:15:05  [rank0]  WARNING    Skipping example 2476: Invalid cop=-1 in id=fb4e3655-52d1-4499-ba96-d97efca8fb4f
06:15:05  [rank0]  WARNING    Skipping example 2480: Invalid cop=-1 in id=9eb568c0-7f60-4772-bb8e-04303714445d
06:15:05  [rank0]  WARNING    Skipping example 2484: Invalid cop=-1 in id=c2b6ecd7-590b-4618-be41-f0fcedfdf9b7
06:15:05  [rank0]  WARNING    Skipping example 2488: Invalid cop=-1 in id=7c643172-efdb-4ff7-869c-7b78b3d2327c
06:15:05  [rank0]  WARNING    Skipping example 2492: Invalid cop=-1 in id=5409b830-ee57-482b-8d1e-8e6016adf80f
06:15:05  [rank0]  WARNING    Skipping example 2496: Invalid cop=-1 in id=40452854-7366-417d-bce7-15536902d09b
06:15:05  [rank0]  WARNING    Skipping example 2500: Invalid cop=-1 in id=9a6a53d5-a0bb-4f2e-91a1-6e4080111ba7
06:15:05  [rank0]  WARNING    Skipping example 2504: Invalid cop=-1 in id=11c2272b-2ca4-4e53-8b68-c23c6619d471
06:15:05  [rank0]  WARNING    Skipping example 2508: Invalid cop=-1 in id=fc469aba-b759-497d-b20d-200e85388ec1
06:15:05  [rank0]  WARNING    Skipping example 2512: Invalid cop=-1 in id=f59f85b2-5276-410b-b6ba-770749ca6a70
06:15:05  [rank0]  WARNING    Skipping example 2516: Invalid cop=-1 in id=2830900e-f02f-4c15-85ae-1f2e84b60776
06:15:05  [rank0]  WARNING    Skipping example 2520: Invalid cop=-1 in id=b6f8726d-3126-46ea-a79a-aaef8f88debe
06:15:05  [rank0]  WARNING    Skipping example 2524: Invalid cop=-1 in id=4720199f-ad5b-4c94-a01f-c3c7d780514f
06:15:05  [rank0]  WARNING    Skipping example 2528: Invalid cop=-1 in id=c1e46e91-d335-4724-a6f1-1dd8ababc82b
06:15:05  [rank0]  WARNING    Skipping example 2532: Invalid cop=-1 in id=dcd390c9-1a99-4e21-9e95-7189e41a5eea
06:15:05  [rank0]  WARNING    Skipping example 2536: Invalid cop=-1 in id=3337252c-9692-4881-b976-06cb1583cd11
06:15:05  [rank0]  WARNING    Skipping example 2540: Invalid cop=-1 in id=0edfe65c-7838-4a50-9a35-514c7ba106a7
06:15:05  [rank0]  WARNING    Skipping example 2544: Invalid cop=-1 in id=473bc7d7-89a2-41cb-ace3-5d59487f5ac6
06:15:05  [rank0]  WARNING    Skipping example 2548: Invalid cop=-1 in id=ce9429c7-3156-4e6f-9d15-4c8b7596bef8
06:15:05  [rank0]  WARNING    Skipping example 2552: Invalid cop=-1 in id=1a25ef7e-c4b8-46dd-811b-1449065789b0
06:15:05  [rank0]  WARNING    Skipping example 2556: Invalid cop=-1 in id=e293d8f0-f701-4c78-ac6c-c7566711b2b9
06:15:05  [rank0]  WARNING    Skipping example 2560: Invalid cop=-1 in id=a01b5283-6b7d-498e-a08e-8c761d88f6df
06:15:05  [rank0]  WARNING    Skipping example 2564: Invalid cop=-1 in id=62db2150-f41c-4080-830e-8ae7813be275
06:15:05  [rank0]  WARNING    Skipping example 2568: Invalid cop=-1 in id=1a2f8266-dd98-4d0c-aec7-4814da79c21f
06:15:05  [rank0]  WARNING    Skipping example 2572: Invalid cop=-1 in id=b91b119d-56f5-49d0-9b55-c565c377120e
06:15:05  [rank0]  WARNING    Skipping example 2576: Invalid cop=-1 in id=e38372c6-bc03-4dff-b0ac-d29f14706a9f
06:15:05  [rank0]  WARNING    Skipping example 2580: Invalid cop=-1 in id=b6a6b9fc-ae67-47fa-b300-d1a6c78af7c2
06:15:05  [rank0]  WARNING    Skipping example 2584: Invalid cop=-1 in id=38696120-f194-4fe2-bb8c-14878a9c6571
06:15:05  [rank0]  WARNING    Skipping example 2588: Invalid cop=-1 in id=366db36e-c5f0-4568-8e72-245199c49b2b
06:15:05  [rank0]  WARNING    Skipping example 2592: Invalid cop=-1 in id=3efbd268-cb9e-468f-9b6f-0e2b7f2383a2
06:15:05  [rank0]  WARNING    Skipping example 2596: Invalid cop=-1 in id=4358827d-9929-42d7-a274-1e2abd843727
06:15:05  [rank0]  WARNING    Skipping example 2600: Invalid cop=-1 in id=bd80bd3f-057c-4bb9-aeba-a17775a9928e
06:15:05  [rank0]  WARNING    Skipping example 2604: Invalid cop=-1 in id=953ba086-4e92-43ba-b1db-edd42432e159
06:15:05  [rank0]  WARNING    Skipping example 2608: Invalid cop=-1 in id=b471878d-d24f-4cfb-84ff-0e8b06fb9b2a
06:15:05  [rank0]  WARNING    Skipping example 2612: Invalid cop=-1 in id=07ed2ed7-00c4-44cf-840b-df96b3cac094
06:15:05  [rank0]  WARNING    Skipping example 2616: Invalid cop=-1 in id=e88d0835-4e98-4f0c-8cf5-f1041473ed17
06:15:05  [rank0]  WARNING    Skipping example 2620: Invalid cop=-1 in id=f97e1143-2987-408a-bc43-3195acfba963
06:15:05  [rank0]  WARNING    Skipping example 2624: Invalid cop=-1 in id=cf2254b3-700d-4682-a893-eb4d91645bc9
06:15:05  [rank0]  WARNING    Skipping example 2628: Invalid cop=-1 in id=058631ac-e527-4e17-9d16-e5fca6bb15fb
06:15:05  [rank0]  WARNING    Skipping example 2632: Invalid cop=-1 in id=d18f34d0-8376-4109-a8b0-04901cb84086
06:15:05  [rank0]  WARNING    Skipping example 2636: Invalid cop=-1 in id=fc9c3ebe-6898-4e40-8ce4-82c3b6b75c99
06:15:05  [rank0]  WARNING    Skipping example 2640: Invalid cop=-1 in id=af2ca4fb-2b7c-4f70-91c6-f52184b90f1a
06:15:05  [rank0]  WARNING    Skipping example 2644: Invalid cop=-1 in id=457a507e-9b70-4437-b80e-c85e0b27267e
06:15:05  [rank0]  WARNING    Skipping example 2648: Invalid cop=-1 in id=f48cbf89-f368-4a28-b3fe-f88287be14fd
06:15:05  [rank0]  WARNING    Skipping example 2652: Invalid cop=-1 in id=87807334-3a37-4104-b0d1-3209c2cb2fd9
06:15:05  [rank0]  WARNING    Skipping example 2656: Invalid cop=-1 in id=78d111d2-eacb-4036-88ff-3b4177691153
06:15:05  [rank0]  WARNING    Skipping example 2660: Invalid cop=-1 in id=819c6a72-05ab-480d-bc11-62783cb5639f
06:15:05  [rank0]  WARNING    Skipping example 2664: Invalid cop=-1 in id=9f5831e8-e6aa-4f37-86f1-8c494f4b3ecb
06:15:05  [rank0]  WARNING    Skipping example 2668: Invalid cop=-1 in id=6d61d29c-0aa7-453c-bdd4-9a1f1a049eb8
06:15:05  [rank0]  WARNING    Skipping example 2672: Invalid cop=-1 in id=1cdd7915-2eba-4c7e-8f3e-dede52d3b152
06:15:05  [rank0]  WARNING    Skipping example 2676: Invalid cop=-1 in id=62630575-0edf-4a4a-8c05-9ea2d51406f9
06:15:05  [rank0]  WARNING    Skipping example 2680: Invalid cop=-1 in id=dbd461ca-b391-454c-9766-de3b0a76094a
06:15:05  [rank0]  WARNING    Skipping example 2684: Invalid cop=-1 in id=8be18deb-3bcd-44be-96ba-19f9ff913b58
06:15:05  [rank0]  WARNING    Skipping example 2688: Invalid cop=-1 in id=b2b2dfa9-bc17-47ed-9123-20631b8771fd
06:15:05  [rank0]  WARNING    Skipping example 2692: Invalid cop=-1 in id=2b00f36b-6101-406e-9ff3-bf972e355813
06:15:05  [rank0]  WARNING    Skipping example 2696: Invalid cop=-1 in id=e4e792d5-7440-4da0-969b-f2cc13018873
06:15:05  [rank0]  WARNING    Skipping example 2700: Invalid cop=-1 in id=0ee5d750-4ac1-41fe-968e-c6c7824b2501
06:15:05  [rank0]  WARNING    Skipping example 2704: Invalid cop=-1 in id=6fb84691-7190-4a7f-8117-ad15f17a59db
06:15:05  [rank0]  WARNING    Skipping example 2708: Invalid cop=-1 in id=b48108ff-c8ae-4cf9-bd54-3797cb9afaa7
06:15:05  [rank0]  WARNING    Skipping example 2712: Invalid cop=-1 in id=752d0857-49d9-4f61-9e94-a8a47fa38633
06:15:05  [rank0]  WARNING    Skipping example 2716: Invalid cop=-1 in id=9142b7e7-4080-430e-b651-be4c6f5a838b
06:15:05  [rank0]  WARNING    Skipping example 2720: Invalid cop=-1 in id=d25603cf-0bd9-406c-a64d-aa2340125248
06:15:05  [rank0]  WARNING    Skipping example 2724: Invalid cop=-1 in id=88e541e6-4b70-444f-87e6-271b0dc0ed74
06:15:05  [rank0]  WARNING    Skipping example 2728: Invalid cop=-1 in id=a3e28806-5f2f-4f19-9c72-3e56f6acb788
06:15:05  [rank0]  WARNING    Skipping example 2732: Invalid cop=-1 in id=f3fe2fca-bb31-4441-90c1-31d0cb232474
06:15:05  [rank0]  WARNING    Skipping example 2736: Invalid cop=-1 in id=5d1ebe9e-21d4-4426-9403-fad6c7e8725c
06:15:05  [rank0]  WARNING    Skipping example 2740: Invalid cop=-1 in id=a2f095f7-7c4d-4722-acc8-60f6ed810ac9
06:15:05  [rank0]  WARNING    Skipping example 2744: Invalid cop=-1 in id=9389a2be-d792-4395-8d27-63ca5f5871eb
06:15:05  [rank0]  WARNING    Skipping example 2748: Invalid cop=-1 in id=8b3e34c3-bb03-45a1-9979-e180b55c72f9
06:15:05  [rank0]  WARNING    Skipping example 2752: Invalid cop=-1 in id=c8adecea-3b40-4645-ba6b-3a9dd608211c
06:15:05  [rank0]  WARNING    Skipping example 2756: Invalid cop=-1 in id=c579da1a-3d8a-423e-b027-3b34a314ea5b
06:15:05  [rank0]  WARNING    Skipping example 2760: Invalid cop=-1 in id=869e459c-db45-4535-87c3-61f870a7d71c
06:15:05  [rank0]  WARNING    Skipping example 2764: Invalid cop=-1 in id=022df617-472a-4708-854b-0524873c515f
06:15:05  [rank0]  WARNING    Skipping example 2768: Invalid cop=-1 in id=051a0c6e-0da6-45d7-8a9c-18ade7fbff27
06:15:05  [rank0]  WARNING    Skipping example 2772: Invalid cop=-1 in id=d853bed1-345e-49bc-8298-51acf90361ad
06:15:05  [rank0]  WARNING    Skipping example 2776: Invalid cop=-1 in id=ae68585e-501a-4230-8849-8a7ba27de542
06:15:05  [rank0]  WARNING    Skipping example 2780: Invalid cop=-1 in id=ff13b0e7-d770-44fc-ada5-9ba171fb81f9
06:15:05  [rank0]  WARNING    Skipping example 2784: Invalid cop=-1 in id=1921f3d0-a22f-41c3-a7d2-5b51173f31d9
06:15:05  [rank0]  WARNING    Skipping example 2788: Invalid cop=-1 in id=88add585-c89e-48d8-8a12-d9cb69c4bd91
06:15:05  [rank0]  WARNING    Skipping example 2792: Invalid cop=-1 in id=e69f671f-dbc8-4f68-9d8d-b0fac9b1f628
06:15:05  [rank0]  WARNING    Skipping example 2796: Invalid cop=-1 in id=0a104aa5-d172-45df-9786-1c3ca9dfe175
06:15:05  [rank0]  WARNING    Skipping example 2800: Invalid cop=-1 in id=2f29c04b-388d-4f8b-a08d-8771d2eefe4d
06:15:05  [rank0]  WARNING    Skipping example 2804: Invalid cop=-1 in id=a46dd452-bc9b-471e-85e2-fcf1e91234bf
06:15:05  [rank0]  WARNING    Skipping example 2808: Invalid cop=-1 in id=46dc768d-f066-4792-a8ef-ec40b0b3f09a
06:15:05  [rank0]  WARNING    Skipping example 2812: Invalid cop=-1 in id=f5af09df-30e0-43c9-822e-c9f139ade85f
06:15:05  [rank0]  WARNING    Skipping example 2816: Invalid cop=-1 in id=ae92a364-f5ba-4fa8-abd6-ad5bb784a4b8
06:15:05  [rank0]  WARNING    Skipping example 2820: Invalid cop=-1 in id=2914cc3a-7395-4873-9404-edcf84877d5a
06:15:05  [rank0]  WARNING    Skipping example 2824: Invalid cop=-1 in id=d60722f1-1240-4577-9cfd-bb3904b6cd5e
06:15:05  [rank0]  WARNING    Skipping example 2828: Invalid cop=-1 in id=3b8bf019-1281-4863-bb0a-8da393c1a629
06:15:05  [rank0]  WARNING    Skipping example 2832: Invalid cop=-1 in id=72cc8a42-dc29-427d-8ca2-28c12e39ef43
06:15:05  [rank0]  WARNING    Skipping example 2836: Invalid cop=-1 in id=1534695f-7dbc-4883-9689-1c598ac123a2
06:15:05  [rank0]  WARNING    Skipping example 2840: Invalid cop=-1 in id=c7a025c7-6492-4342-bf2a-9ac132e8f2c4
06:15:05  [rank0]  WARNING    Skipping example 2844: Invalid cop=-1 in id=64dbbefd-5856-476f-929c-17582932c9e2
06:15:05  [rank0]  WARNING    Skipping example 2848: Invalid cop=-1 in id=43de7628-d0d4-403b-ae1c-5272b3b2d42f
06:15:05  [rank0]  WARNING    Skipping example 2852: Invalid cop=-1 in id=3cf90a39-3f2a-4e57-8e01-5973d76f8d07
06:15:05  [rank0]  WARNING    Skipping example 2856: Invalid cop=-1 in id=afe484b5-2027-4e09-ad8a-afacdececf0c
06:15:05  [rank0]  WARNING    Skipping example 2860: Invalid cop=-1 in id=c1c05068-bf34-457b-93a0-f0a73b6867ed
06:15:05  [rank0]  WARNING    Skipping example 2864: Invalid cop=-1 in id=e54731da-27b8-4488-9091-9399e8943021
06:15:05  [rank0]  WARNING    Skipping example 2868: Invalid cop=-1 in id=a3452a00-c460-47af-a6a3-95da0d6976f9
06:15:05  [rank0]  WARNING    Skipping example 2872: Invalid cop=-1 in id=35f0be23-4f74-4424-b86d-6d8fa11a1a7e
06:15:05  [rank0]  WARNING    Skipping example 2876: Invalid cop=-1 in id=623f9f8e-dd4b-40fe-a5bc-7d0230badef8
06:15:05  [rank0]  WARNING    Skipping example 2880: Invalid cop=-1 in id=1db40185-07fc-47cf-b7ad-bd3775793a29
06:15:05  [rank0]  WARNING    Skipping example 2884: Invalid cop=-1 in id=5442da68-feae-4db8-8147-41a5ccfce578
06:15:05  [rank0]  WARNING    Skipping example 2888: Invalid cop=-1 in id=2f03fa15-2b92-4726-8807-1e2f2e60c27c
06:15:05  [rank0]  WARNING    Skipping example 2892: Invalid cop=-1 in id=4ca0fc49-7fb3-499a-8793-dc7773ff5296
06:15:05  [rank0]  WARNING    Skipping example 2896: Invalid cop=-1 in id=e1ac44b4-d413-4a10-9ac1-d7cd8bff7ebd
06:15:05  [rank0]  WARNING    Skipping example 2900: Invalid cop=-1 in id=4a0eb846-0bcc-40bc-b455-62b3d2606dea
06:15:05  [rank0]  WARNING    Skipping example 2904: Invalid cop=-1 in id=27e40b85-0b74-458f-8288-82e79e4103cb
06:15:05  [rank0]  WARNING    Skipping example 2908: Invalid cop=-1 in id=fb0b6caa-8ea1-4b25-8349-c390a551df28
06:15:05  [rank0]  WARNING    Skipping example 2912: Invalid cop=-1 in id=e8d2e93f-9277-4b4e-9a51-ff9601e4345b
06:15:05  [rank0]  WARNING    Skipping example 2916: Invalid cop=-1 in id=02a580fd-0338-4c93-9907-06568a13d469
06:15:05  [rank0]  WARNING    Skipping example 2920: Invalid cop=-1 in id=ae961304-0012-4ba7-adc2-0629d0440303
06:15:05  [rank0]  WARNING    Skipping example 2924: Invalid cop=-1 in id=254d0e84-9d67-42b5-aa45-570c192c6112
06:15:05  [rank0]  WARNING    Skipping example 2928: Invalid cop=-1 in id=8a698a57-7711-4e88-b51c-a93783ec48b5
06:15:05  [rank0]  WARNING    Skipping example 2932: Invalid cop=-1 in id=50c9ce52-4a64-4c63-8bf1-b624c16f9f73
06:15:05  [rank0]  WARNING    Skipping example 2936: Invalid cop=-1 in id=e333d8e6-d68b-457e-8622-25b052baf645
06:15:05  [rank0]  WARNING    Skipping example 2940: Invalid cop=-1 in id=a57e3d3c-9215-4b63-b5bd-de4006b25365
06:15:05  [rank0]  WARNING    Skipping example 2944: Invalid cop=-1 in id=297aa9a3-f3f2-485f-8ee5-c3f3d1d965af
06:15:05  [rank0]  WARNING    Skipping example 2948: Invalid cop=-1 in id=8389827e-eba8-45fa-a6f1-22e07299a08f
06:15:05  [rank0]  WARNING    Skipping example 2952: Invalid cop=-1 in id=6e17497e-0b7d-4879-b4d8-a78d028ba1c1
06:15:05  [rank0]  WARNING    Skipping example 2956: Invalid cop=-1 in id=9ba4a6c9-6a92-4fca-baf4-250da48aa059
06:15:05  [rank0]  WARNING    Skipping example 2960: Invalid cop=-1 in id=97860256-c397-4be4-a13f-d06bcb0eefa1
06:15:05  [rank0]  WARNING    Skipping example 2964: Invalid cop=-1 in id=aff5645d-0272-4ad0-8460-c5118c9d4d02
06:15:05  [rank0]  WARNING    Skipping example 2968: Invalid cop=-1 in id=78f7bfaa-34c9-4fd3-a2e8-723d9dec0907
06:15:05  [rank0]  WARNING    Skipping example 2972: Invalid cop=-1 in id=72b6ae96-f405-44ca-a0b9-bce691562fef
06:15:05  [rank0]  WARNING    Skipping example 2976: Invalid cop=-1 in id=b9887859-6ae4-4ecd-a46a-de01cd6e1d7c
06:15:05  [rank0]  WARNING    Skipping example 2980: Invalid cop=-1 in id=6f6457e9-dd33-4489-b09c-fd4450a3d419
06:15:05  [rank0]  WARNING    Skipping example 2984: Invalid cop=-1 in id=b16e627e-0cbb-4088-a103-1714fc4680a3
06:15:05  [rank0]  WARNING    Skipping example 2988: Invalid cop=-1 in id=86db21d7-6f92-4679-972c-bd35ee8a810d
06:15:05  [rank0]  WARNING    Skipping example 2992: Invalid cop=-1 in id=487821e0-fd7e-4e98-9002-abe8d2ea6ea6
06:15:05  [rank0]  WARNING    Skipping example 2996: Invalid cop=-1 in id=4c3fd0d6-6843-4e2a-b257-48b849c03df2
06:15:05  [rank0]  WARNING    Skipping example 3000: Invalid cop=-1 in id=6b804cdc-639c-43bb-ab10-491239886647
06:15:05  [rank0]  WARNING    Skipping example 3004: Invalid cop=-1 in id=66aff7dd-702d-469b-89fb-4a7e30920e6c
06:15:05  [rank0]  WARNING    Skipping example 3008: Invalid cop=-1 in id=0f747df0-1030-40f2-805a-0017bf10694e
06:15:05  [rank0]  WARNING    Skipping example 3012: Invalid cop=-1 in id=585b58cd-87c8-439f-b87f-8b93c78185cc
06:15:05  [rank0]  WARNING    Skipping example 3016: Invalid cop=-1 in id=b7710b3e-3a14-4f22-a4d1-465b0ffbd522
06:15:05  [rank0]  WARNING    Skipping example 3020: Invalid cop=-1 in id=dd81eeb2-2f23-413c-95e5-b1f0712d78b9
06:15:05  [rank0]  WARNING    Skipping example 3024: Invalid cop=-1 in id=57c7b773-6183-4ccf-967e-bcc8b25fcc92
06:15:05  [rank0]  WARNING    Skipping example 3028: Invalid cop=-1 in id=26e4b6e8-fcb2-49c9-8909-4a44551ef7bd
06:15:05  [rank0]  WARNING    Skipping example 3032: Invalid cop=-1 in id=bfccb67b-e3a0-4e77-90b8-3991760f427f
06:15:05  [rank0]  WARNING    Skipping example 3036: Invalid cop=-1 in id=c2ba9d4c-2385-4eb6-ab0c-dfe313428d05
06:15:05  [rank0]  WARNING    Skipping example 3040: Invalid cop=-1 in id=864fce80-fcdb-443d-a0e9-5a2d4016b8d5
06:15:05  [rank0]  WARNING    Skipping example 3044: Invalid cop=-1 in id=da39a1eb-ae3d-48c7-8642-b9e5cf074909
06:15:05  [rank0]  WARNING    Skipping example 3048: Invalid cop=-1 in id=a813cd9c-df5e-4dbb-88bf-9e9a30f0af02
06:15:05  [rank0]  WARNING    Skipping example 3052: Invalid cop=-1 in id=9349716a-d6ae-48c0-8a25-1e1d78c81b45
06:15:05  [rank0]  WARNING    Skipping example 3056: Invalid cop=-1 in id=2cc5437e-1a4d-4da9-9790-25a1f80a0b70
06:15:05  [rank0]  WARNING    Skipping example 3060: Invalid cop=-1 in id=4fa6caed-f439-40db-96c9-e98790b73b87
06:15:05  [rank0]  WARNING    Skipping example 3064: Invalid cop=-1 in id=aa8f7041-3078-4d04-9d14-f0ae900d43da
06:15:05  [rank0]  WARNING    Skipping example 3068: Invalid cop=-1 in id=0dd676d4-4849-4166-9195-c818b4f68039
06:15:05  [rank0]  WARNING    Skipping example 3072: Invalid cop=-1 in id=f5ee24e8-de4b-45f0-bc0a-ecd0c056ad16
06:15:05  [rank0]  WARNING    Skipping example 3076: Invalid cop=-1 in id=3b3fbb72-b008-478f-b950-cf52cd3a7dde
06:15:05  [rank0]  WARNING    Skipping example 3080: Invalid cop=-1 in id=c26b2162-dbfd-4a2d-b742-957b3065bae1
06:15:05  [rank0]  WARNING    Skipping example 3084: Invalid cop=-1 in id=816989a0-3d71-4d8c-96b6-89ebde9cf46a
06:15:05  [rank0]  WARNING    Skipping example 3088: Invalid cop=-1 in id=a06db316-5e28-4e5c-b6b9-fdcd795c6947
06:15:05  [rank0]  WARNING    Skipping example 3092: Invalid cop=-1 in id=51e9d9ea-e038-4cd4-aebf-6261683f2770
06:15:05  [rank0]  WARNING    Skipping example 3096: Invalid cop=-1 in id=fa92bf05-0cf6-48cb-9680-815cdd12683d
06:15:05  [rank0]  WARNING    Skipping example 3100: Invalid cop=-1 in id=5c1dd2fe-2f23-4865-9e58-85b7c2a49fee
06:15:05  [rank0]  WARNING    Skipping example 3104: Invalid cop=-1 in id=a1658c80-8f06-4fa1-9d22-d1597af871f7
06:15:05  [rank0]  WARNING    Skipping example 3108: Invalid cop=-1 in id=0308d430-5a1e-4eb0-9a4b-34c651e670ee
06:15:05  [rank0]  WARNING    Skipping example 3112: Invalid cop=-1 in id=04abca99-bc44-4fba-937d-55e33be7864d
06:15:05  [rank0]  WARNING    Skipping example 3116: Invalid cop=-1 in id=4cae9810-c080-4578-b53f-19f9d62589d3
06:15:05  [rank0]  WARNING    Skipping example 3120: Invalid cop=-1 in id=6ce6b0c0-0647-4abe-8bd3-1fb05ad4f1aa
06:15:05  [rank0]  WARNING    Skipping example 3124: Invalid cop=-1 in id=ccf9188a-86df-46a1-ad4b-2d8f3bd50720
06:15:05  [rank0]  WARNING    Skipping example 3128: Invalid cop=-1 in id=fd6ed03e-bfd7-4599-a8a4-fd0b1d5c0fbe
06:15:05  [rank0]  WARNING    Skipping example 3132: Invalid cop=-1 in id=7d4f9c82-072c-4c98-9af1-ba8397637523
06:15:05  [rank0]  WARNING    Skipping example 3136: Invalid cop=-1 in id=e492dacc-7c96-4a0c-b206-d283189a9d2b
06:15:05  [rank0]  WARNING    Skipping example 3140: Invalid cop=-1 in id=205ba7a5-1090-4f2d-9ffe-c58da3a5ebfa
06:15:05  [rank0]  WARNING    Skipping example 3144: Invalid cop=-1 in id=a8aaa278-c8d7-4803-b654-80c49737c23c
06:15:05  [rank0]  WARNING    Skipping example 3148: Invalid cop=-1 in id=d566900b-993c-4e36-a3a3-c11b7df573e8
06:15:05  [rank0]  WARNING    Skipping example 3152: Invalid cop=-1 in id=a2d15f00-5a70-40ef-93e7-b30de4dd478e
06:15:05  [rank0]  WARNING    Skipping example 3156: Invalid cop=-1 in id=b53ae73b-0695-47f2-9375-51b9050bf3ec
06:15:05  [rank0]  WARNING    Skipping example 3160: Invalid cop=-1 in id=90c48020-a963-4ee2-b208-b8e6ae078d3e
06:15:05  [rank0]  WARNING    Skipping example 3164: Invalid cop=-1 in id=f9f47979-778a-42c5-8679-20f1b4723614
06:15:05  [rank0]  WARNING    Skipping example 3168: Invalid cop=-1 in id=22e28f29-baf3-497e-a529-c997927825dd
06:15:05  [rank0]  WARNING    Skipping example 3172: Invalid cop=-1 in id=9fb54fca-8d87-47bb-ab2f-ddbe5997a47a
06:15:05  [rank0]  WARNING    Skipping example 3176: Invalid cop=-1 in id=43cd74b1-c22d-4aa5-b0e0-d2bb6620e494
06:15:05  [rank0]  WARNING    Skipping example 3180: Invalid cop=-1 in id=e5e2f283-5919-4784-afe2-2fcd63a65e29
06:15:05  [rank0]  WARNING    Skipping example 3184: Invalid cop=-1 in id=b8c2f72f-b688-4f28-9e18-f4084af6aff6
06:15:05  [rank0]  WARNING    Skipping example 3188: Invalid cop=-1 in id=a3dc4c59-168f-4999-8fc0-e26b38400687
06:15:05  [rank0]  WARNING    Skipping example 3192: Invalid cop=-1 in id=69c730aa-d57c-41b2-be70-656d12f9b26a
06:15:05  [rank0]  WARNING    Skipping example 3196: Invalid cop=-1 in id=f033d0d3-b170-48fb-bc37-b8cbd167a433
06:15:05  [rank0]  WARNING    Skipping example 3200: Invalid cop=-1 in id=99a52558-a0c3-45da-9d74-bb58e0b5faa2
06:15:05  [rank0]  WARNING    Skipping example 3204: Invalid cop=-1 in id=06990732-8785-4d76-a720-a0dc32196ebd
06:15:05  [rank0]  WARNING    Skipping example 3208: Invalid cop=-1 in id=99397198-beae-4511-a896-37cec9b25b34
06:15:05  [rank0]  WARNING    Skipping example 3212: Invalid cop=-1 in id=fa5eef4b-7d1f-41e2-9234-cf05b9b260a2
06:15:05  [rank0]  WARNING    Skipping example 3216: Invalid cop=-1 in id=f6f8b005-0fd2-4a4f-a717-ebce91c9d1b8
06:15:05  [rank0]  WARNING    Skipping example 3220: Invalid cop=-1 in id=2093fe27-a500-41fa-a833-561f8e435be0
06:15:05  [rank0]  WARNING    Skipping example 3224: Invalid cop=-1 in id=9d963f8f-e22c-4a7e-9653-7e6779eed583
06:15:05  [rank0]  WARNING    Skipping example 3228: Invalid cop=-1 in id=84ac4f24-eb9b-4eb4-97ff-6a26c81792f4
06:15:05  [rank0]  WARNING    Skipping example 3232: Invalid cop=-1 in id=05d0bb60-812a-4d8b-ac14-18d9115667b8
06:15:05  [rank0]  WARNING    Skipping example 3236: Invalid cop=-1 in id=417d760c-5004-498f-950e-15d780ff7181
06:15:05  [rank0]  WARNING    Skipping example 3240: Invalid cop=-1 in id=61f36155-7334-4515-b93b-696e319acbeb
06:15:05  [rank0]  WARNING    Skipping example 3244: Invalid cop=-1 in id=965316de-723c-4dd1-94df-c57c1c3542df
06:15:05  [rank0]  WARNING    Skipping example 3248: Invalid cop=-1 in id=8f19a3e5-f93d-4d82-917f-a45071e2c79d
06:15:05  [rank0]  WARNING    Skipping example 3252: Invalid cop=-1 in id=2d31c9ed-744d-4050-92ec-c782a26c4ad1
06:15:05  [rank0]  WARNING    Skipping example 3256: Invalid cop=-1 in id=1bdd09f1-ed10-4afb-afcb-e7aeb59ffa97
06:15:05  [rank0]  WARNING    Skipping example 3260: Invalid cop=-1 in id=aa4ed6a1-6fa7-4ab9-890e-241f4714cf60
06:15:05  [rank0]  WARNING    Skipping example 3264: Invalid cop=-1 in id=ffa3a502-f091-4b87-96e1-c853fa405668
06:15:05  [rank0]  WARNING    Skipping example 3268: Invalid cop=-1 in id=6a1260f7-1600-4382-8a7b-0635754b4a43
06:15:05  [rank0]  WARNING    Skipping example 3272: Invalid cop=-1 in id=b127ad4a-33be-436c-9aa2-98d913f6ad71
06:15:05  [rank0]  WARNING    Skipping example 3276: Invalid cop=-1 in id=475194a9-6a9f-4efb-b04b-5f5cc95f344c
06:15:05  [rank0]  WARNING    Skipping example 3280: Invalid cop=-1 in id=01fefd68-42cf-4223-8a9e-3a4bb79b5046
06:15:05  [rank0]  WARNING    Skipping example 3284: Invalid cop=-1 in id=025d3001-3249-49ea-a2d7-d00f75046e75
06:15:05  [rank0]  WARNING    Skipping example 3288: Invalid cop=-1 in id=f0b1d0a6-eb9a-4125-9e8b-1facf86b9597
06:15:05  [rank0]  WARNING    Skipping example 3292: Invalid cop=-1 in id=f25ae0ef-0272-4f79-b436-c2a0518854bc
06:15:05  [rank0]  WARNING    Skipping example 3296: Invalid cop=-1 in id=b9c46d97-722d-430b-9568-a933a3a86b55
06:15:05  [rank0]  WARNING    Skipping example 3300: Invalid cop=-1 in id=51f8382b-ad01-4d6c-a4ea-3eea2afe7a53
06:15:05  [rank0]  WARNING    Skipping example 3304: Invalid cop=-1 in id=66b8ed1a-0d5b-49f3-a494-10384395d9e4
06:15:05  [rank0]  WARNING    Skipping example 3308: Invalid cop=-1 in id=c90fd450-51d5-4411-bf47-dc9110501c38
06:15:05  [rank0]  WARNING    Skipping example 3312: Invalid cop=-1 in id=24774e28-20b6-4f3b-aad0-8b6e666e8b1b
06:15:05  [rank0]  WARNING    Skipping example 3316: Invalid cop=-1 in id=c693e6eb-4656-46c7-8594-f64b217f8d1a
06:15:05  [rank0]  WARNING    Skipping example 3320: Invalid cop=-1 in id=cc5c7bc7-a8ce-4a5d-83f6-82d14eed8c01
06:15:05  [rank0]  WARNING    Skipping example 3324: Invalid cop=-1 in id=3129c9ea-c149-4007-8b66-d7b68f7c6791
06:15:05  [rank0]  WARNING    Skipping example 3328: Invalid cop=-1 in id=3fa88c3f-b24d-4fc1-b6e5-7219f57d1ff9
06:15:05  [rank0]  WARNING    Skipping example 3332: Invalid cop=-1 in id=7515ee7b-6bbd-4103-9801-e923edf5aeb8
06:15:05  [rank0]  WARNING    Skipping example 3336: Invalid cop=-1 in id=81536882-d5b1-4072-a5db-88bc49c31a1a
06:15:05  [rank0]  WARNING    Skipping example 3340: Invalid cop=-1 in id=6873bc53-b509-496b-bdd3-9d029db4e4ef
06:15:05  [rank0]  WARNING    Skipping example 3344: Invalid cop=-1 in id=08025c5e-90e1-4fc5-ba62-24d1908859b9
06:15:05  [rank0]  WARNING    Skipping example 3348: Invalid cop=-1 in id=f37dd330-532b-4777-b64e-b3f2c09ccd36
06:15:05  [rank0]  WARNING    Skipping example 3352: Invalid cop=-1 in id=658808af-7db1-4299-b2cd-8c4015ab9b67
06:15:05  [rank0]  WARNING    Skipping example 3356: Invalid cop=-1 in id=f6d142bd-60ab-487b-b528-b25a3270fba3
06:15:05  [rank0]  WARNING    Skipping example 3360: Invalid cop=-1 in id=87db75e7-2d94-4fa5-b2af-0b848a6ec0b9
06:15:05  [rank0]  WARNING    Skipping example 3364: Invalid cop=-1 in id=e86cef2b-3c8e-4232-afe9-d384f6dd73f5
06:15:05  [rank0]  WARNING    Skipping example 3368: Invalid cop=-1 in id=27a28ecc-64a8-4b02-921f-f828d2a14e2e
06:15:05  [rank0]  WARNING    Skipping example 3372: Invalid cop=-1 in id=985fdbb8-af97-4a19-9e1a-64c9ebbba5dd
06:15:05  [rank0]  WARNING    Skipping example 3376: Invalid cop=-1 in id=8269781c-b5cb-4fba-b781-e59da15160c1
06:15:05  [rank0]  WARNING    Skipping example 3380: Invalid cop=-1 in id=29366690-97cb-45ec-8352-c2a7f28fa26d
06:15:05  [rank0]  WARNING    Skipping example 3384: Invalid cop=-1 in id=95a78169-a935-4d78-af00-015de06087ae
06:15:05  [rank0]  WARNING    Skipping example 3388: Invalid cop=-1 in id=a5e0a64c-12fb-434b-a7e3-e417f974c2cb
06:15:05  [rank0]  WARNING    Skipping example 3392: Invalid cop=-1 in id=d0dcdbc4-ca7e-4901-8e82-85f5112e68f8
06:15:05  [rank0]  WARNING    Skipping example 3396: Invalid cop=-1 in id=1be451e0-a422-48fe-a24e-f2addfb2f028
06:15:05  [rank0]  WARNING    Skipping example 3400: Invalid cop=-1 in id=ccb27945-e28f-4712-b34f-640ede1743d7
06:15:05  [rank0]  WARNING    Skipping example 3404: Invalid cop=-1 in id=f5690ca7-5790-4c27-a862-8e712090cb5e
06:15:05  [rank0]  WARNING    Skipping example 3408: Invalid cop=-1 in id=44de76f8-4e1f-4555-a6ac-34671fcaa431
06:15:05  [rank0]  WARNING    Skipping example 3412: Invalid cop=-1 in id=d44dd67b-642d-4284-b85b-30e1ae5622e2
06:15:05  [rank0]  WARNING    Skipping example 3416: Invalid cop=-1 in id=d6a2bd95-0e54-42e5-b596-4ad2599539f2
06:15:05  [rank0]  WARNING    Skipping example 3420: Invalid cop=-1 in id=c749206f-3404-4fc8-b489-0354d7e2267a
06:15:05  [rank0]  WARNING    Skipping example 3424: Invalid cop=-1 in id=444ea845-a537-4e6d-ae57-d3a4e48d4481
06:15:05  [rank0]  WARNING    Skipping example 3428: Invalid cop=-1 in id=d3c9a141-7421-453e-9e98-5a599dafdb5f
06:15:05  [rank0]  WARNING    Skipping example 3432: Invalid cop=-1 in id=1051f159-05c3-41ce-b1f6-03a160acce49
06:15:05  [rank0]  WARNING    Skipping example 3436: Invalid cop=-1 in id=9aa7796d-dd90-4fe9-822a-21c145dab906
06:15:05  [rank0]  WARNING    Skipping example 3440: Invalid cop=-1 in id=46ab95e4-2709-4c7d-9e2d-5d1d57e21504
06:15:05  [rank0]  WARNING    Skipping example 3444: Invalid cop=-1 in id=49c13b82-9fa6-4e24-be1d-086987a49d34
06:15:05  [rank0]  WARNING    Skipping example 3448: Invalid cop=-1 in id=3ddb9cc6-a5b7-4ddf-afe6-d96f37e02bb2
06:15:05  [rank0]  WARNING    Skipping example 3452: Invalid cop=-1 in id=ed5c38c8-3d7c-4d77-9e10-1a0f9fbbbb38
06:15:05  [rank0]  WARNING    Skipping example 3456: Invalid cop=-1 in id=a77ad15e-0610-4beb-9cfe-d50e04e291a4
06:15:05  [rank0]  WARNING    Skipping example 3460: Invalid cop=-1 in id=19fcff9c-0a57-4430-b95e-c32707f76573
06:15:05  [rank0]  WARNING    Skipping example 3464: Invalid cop=-1 in id=e139ff1e-a8cc-4046-8262-6c25de8ba9c9
06:15:05  [rank0]  WARNING    Skipping example 3468: Invalid cop=-1 in id=55b164b9-b06f-4b34-9ebd-7e1f95687413
06:15:05  [rank0]  WARNING    Skipping example 3472: Invalid cop=-1 in id=377c6679-8944-4848-9631-f2acdcad0266
06:15:05  [rank0]  WARNING    Skipping example 3476: Invalid cop=-1 in id=39876e32-d524-4ce8-bbf2-a24ede0b5a2c
06:15:05  [rank0]  WARNING    Skipping example 3480: Invalid cop=-1 in id=81b7b93d-7975-42bd-8ba9-d1ae2813014c
06:15:05  [rank0]  WARNING    Skipping example 3484: Invalid cop=-1 in id=d0e419ff-2ba3-4596-b6e6-bd6d538fbb84
06:15:05  [rank0]  WARNING    Skipping example 3488: Invalid cop=-1 in id=ebd7ca25-5bbe-44f6-8be8-a31c88c58bb3
06:15:05  [rank0]  WARNING    Skipping example 3492: Invalid cop=-1 in id=87d96e5e-e36d-47ad-8bbe-18790ca98fdf
06:15:05  [rank0]  WARNING    Skipping example 3496: Invalid cop=-1 in id=05378f20-bd92-4c30-b44d-11f99a6fd69f
06:15:05  [rank0]  WARNING    Skipping example 3500: Invalid cop=-1 in id=9f082c2a-28f5-4ec3-85b3-0809bb14359e
06:15:05  [rank0]  WARNING    Skipping example 3504: Invalid cop=-1 in id=e1cd72a2-be3a-45bb-a1cb-3b7ba0b89172
06:15:05  [rank0]  WARNING    Skipping example 3508: Invalid cop=-1 in id=4bdbd7a4-9056-4b8f-80c5-b9cc609b8ee2
06:15:05  [rank0]  WARNING    Skipping example 3512: Invalid cop=-1 in id=bea2d3f8-ebd2-4128-8f22-649e5a2352db
06:15:05  [rank0]  WARNING    Skipping example 3516: Invalid cop=-1 in id=a805fc4e-185c-4b0a-8eba-316b80f41e1a
06:15:05  [rank0]  WARNING    Skipping example 3520: Invalid cop=-1 in id=60264ea3-6ee7-47b4-8a01-ea5cd1341b2e
06:15:05  [rank0]  WARNING    Skipping example 3524: Invalid cop=-1 in id=c14c9630-319c-45cb-aec7-c38ed769faca
06:15:05  [rank0]  WARNING    Skipping example 3528: Invalid cop=-1 in id=c2dd0b7f-55db-41ad-b777-94161678dac0
06:15:05  [rank0]  WARNING    Skipping example 3532: Invalid cop=-1 in id=db971e0e-5040-486b-9749-7c7f424992e2
06:15:05  [rank0]  WARNING    Skipping example 3536: Invalid cop=-1 in id=26d01189-6abb-49de-b0eb-a0c386610017
06:15:05  [rank0]  WARNING    Skipping example 3540: Invalid cop=-1 in id=c0f0a3cf-95dc-4123-88fc-bd0c26e0783e
06:15:05  [rank0]  WARNING    Skipping example 3544: Invalid cop=-1 in id=bae5f866-36e1-4c8a-8ae7-fcf6b15a6367
06:15:05  [rank0]  WARNING    Skipping example 3548: Invalid cop=-1 in id=ab8a287d-5513-4989-af79-ff0ed1c03ac0
06:15:05  [rank0]  WARNING    Skipping example 3552: Invalid cop=-1 in id=8a5f2991-c717-474c-9c6c-b9eeb8854110
06:15:05  [rank0]  WARNING    Skipping example 3556: Invalid cop=-1 in id=b176e469-bd9b-4af8-9e8d-2c2ffaf44599
06:15:05  [rank0]  WARNING    Skipping example 3560: Invalid cop=-1 in id=f1b78301-45af-4e87-bd1a-e0c10e602be7
06:15:05  [rank0]  WARNING    Skipping example 3564: Invalid cop=-1 in id=14dda35f-e86a-44b1-a61f-ce4066b41dbd
06:15:05  [rank0]  WARNING    Skipping example 3568: Invalid cop=-1 in id=069b4222-a4fe-4626-bb00-433cf2698823
06:15:05  [rank0]  WARNING    Skipping example 3572: Invalid cop=-1 in id=a9194ddd-27fd-4e8c-a445-2ab7db861a8f
06:15:05  [rank0]  WARNING    Skipping example 3576: Invalid cop=-1 in id=903e1b95-c1d6-4f31-83f5-fdc69f421239
06:15:05  [rank0]  WARNING    Skipping example 3580: Invalid cop=-1 in id=1a6a057a-150b-490d-923c-1330ff38d4f6
06:15:05  [rank0]  WARNING    Skipping example 3584: Invalid cop=-1 in id=54b5883a-f96a-4241-8d4f-1043fdee39ac
06:15:05  [rank0]  WARNING    Skipping example 3588: Invalid cop=-1 in id=32bd22ce-f544-41b8-8799-0ca84adee8fb
06:15:05  [rank0]  WARNING    Skipping example 3592: Invalid cop=-1 in id=f87d4513-c548-436b-99ab-4b1f46fb88fb
06:15:05  [rank0]  WARNING    Skipping example 3596: Invalid cop=-1 in id=15a7cb9c-d46d-4267-a033-b87860a621cc
06:15:05  [rank0]  WARNING    Skipping example 3600: Invalid cop=-1 in id=9629e340-ad16-426c-94e0-24883791beb3
06:15:05  [rank0]  WARNING    Skipping example 3604: Invalid cop=-1 in id=4776308e-9a62-42df-b084-9e901ff9d960
06:15:05  [rank0]  WARNING    Skipping example 3608: Invalid cop=-1 in id=9b4063b4-7e05-4f87-9010-f61050a5e293
06:15:05  [rank0]  WARNING    Skipping example 3612: Invalid cop=-1 in id=36dbc188-3fe4-47da-a69f-e5bb72a7471d
06:15:05  [rank0]  WARNING    Skipping example 3616: Invalid cop=-1 in id=869971ab-9f80-4979-a0a3-b942ef5f1436
06:15:05  [rank0]  WARNING    Skipping example 3620: Invalid cop=-1 in id=e5aa319c-d90c-4c7f-adbe-e5dbe246c30a
06:15:05  [rank0]  WARNING    Skipping example 3624: Invalid cop=-1 in id=5c80cc40-f700-4352-8356-d661ca7f3d96
06:15:05  [rank0]  WARNING    Skipping example 3628: Invalid cop=-1 in id=08e635af-6a4d-4562-9be0-5c2fd0aca062
06:15:05  [rank0]  WARNING    Skipping example 3632: Invalid cop=-1 in id=1cb322bf-d57a-4717-8b99-f3a70a7bcd4c
06:15:05  [rank0]  WARNING    Skipping example 3636: Invalid cop=-1 in id=de48c6c7-faab-4008-bcbd-7550db787ce6
06:15:05  [rank0]  WARNING    Skipping example 3640: Invalid cop=-1 in id=bb5e595d-c2dd-4daf-93f0-0d13f42e79ea
06:15:05  [rank0]  WARNING    Skipping example 3644: Invalid cop=-1 in id=94448482-b736-40cc-90ce-788f9c5b1247
06:15:05  [rank0]  WARNING    Skipping example 3648: Invalid cop=-1 in id=c95dac6f-1a5e-4f7f-a336-d7fa52684984
06:15:05  [rank0]  WARNING    Skipping example 3652: Invalid cop=-1 in id=cee85b12-a9f6-4989-8bc0-7db53f9caf3d
06:15:05  [rank0]  WARNING    Skipping example 3656: Invalid cop=-1 in id=c9aeb84e-a0b7-44a7-abd6-1469359757d9
06:15:05  [rank0]  WARNING    Skipping example 3660: Invalid cop=-1 in id=8efb880e-adf2-4147-91b1-0fac4b44e4c1
06:15:05  [rank0]  WARNING    Skipping example 3664: Invalid cop=-1 in id=13512b7b-348b-4b5d-a7c7-79f062011c0e
06:15:05  [rank0]  WARNING    Skipping example 3668: Invalid cop=-1 in id=4d9dca09-8d8e-4a50-860f-3c7780edd3f3
06:15:05  [rank0]  WARNING    Skipping example 3672: Invalid cop=-1 in id=7d9ed8cc-7861-4c4e-9a8e-1325db185daf
06:15:05  [rank0]  WARNING    Skipping example 3676: Invalid cop=-1 in id=28b060d3-7b25-4d4b-9fc1-f024a8a9885d
06:15:05  [rank0]  WARNING    Skipping example 3680: Invalid cop=-1 in id=954419c0-ec6e-4709-9bd1-97af800b4845
06:15:05  [rank0]  WARNING    Skipping example 3684: Invalid cop=-1 in id=838981f2-77cf-42a7-82c6-b7d2834cc0f3
06:15:05  [rank0]  WARNING    Skipping example 3688: Invalid cop=-1 in id=34a73d3d-7bd1-4143-8d0c-80a5bc73c38b
06:15:05  [rank0]  WARNING    Skipping example 3692: Invalid cop=-1 in id=11a707c8-aec6-4a68-81c6-af9a7d0c64bb
06:15:05  [rank0]  WARNING    Skipping example 3696: Invalid cop=-1 in id=93e17706-bc02-48b6-b53e-5425d8f113ef
06:15:05  [rank0]  WARNING    Skipping example 3700: Invalid cop=-1 in id=b1ebd782-5cbd-4c5b-95fe-0a5661751fe4
06:15:05  [rank0]  WARNING    Skipping example 3704: Invalid cop=-1 in id=8627acb8-cda9-446b-9980-4592f0cc51a3
06:15:05  [rank0]  WARNING    Skipping example 3708: Invalid cop=-1 in id=989d1952-3679-4661-aed4-21fd013d66cd
06:15:05  [rank0]  WARNING    Skipping example 3712: Invalid cop=-1 in id=1ef5bb08-8988-4963-87f2-30a9f14ba38c
06:15:05  [rank0]  WARNING    Skipping example 3716: Invalid cop=-1 in id=f42fd7d9-165b-481a-86e3-cc8d223e696c
06:15:05  [rank0]  WARNING    Skipping example 3720: Invalid cop=-1 in id=be2e883e-ee2f-4f4b-9d43-251c9591cd54
06:15:05  [rank0]  WARNING    Skipping example 3724: Invalid cop=-1 in id=febb1286-9817-41c3-920d-a06d77ca63cb
06:15:05  [rank0]  WARNING    Skipping example 3728: Invalid cop=-1 in id=c4a5ce1c-008e-4e36-9a48-1b9c9b548d1c
06:15:05  [rank0]  WARNING    Skipping example 3732: Invalid cop=-1 in id=720e8ff7-26cd-4dcc-84b1-b0d70c67c3b5
06:15:05  [rank0]  WARNING    Skipping example 3736: Invalid cop=-1 in id=35154705-5452-4e43-b795-0c79408ed972
06:15:05  [rank0]  WARNING    Skipping example 3740: Invalid cop=-1 in id=f8c70247-8527-470f-9b98-47f0eb9e8194
06:15:05  [rank0]  WARNING    Skipping example 3744: Invalid cop=-1 in id=ceaf1917-bd3b-43a2-8211-a4507fbbfefa
06:15:05  [rank0]  WARNING    Skipping example 3748: Invalid cop=-1 in id=102a86ab-bc87-4f78-b620-a051fb907c7d
06:15:05  [rank0]  WARNING    Skipping example 3752: Invalid cop=-1 in id=5f9deb19-b802-4b6d-8450-ef8ad18050c9
06:15:05  [rank0]  WARNING    Skipping example 3756: Invalid cop=-1 in id=94877593-d951-4781-a4e2-22af7709b126
06:15:05  [rank0]  WARNING    Skipping example 3760: Invalid cop=-1 in id=eddb8896-b443-483f-8ede-8dae37fce739
06:15:05  [rank0]  WARNING    Skipping example 3764: Invalid cop=-1 in id=0d86f44e-8fe7-4cda-a875-08bc53d633be
06:15:05  [rank0]  WARNING    Skipping example 3768: Invalid cop=-1 in id=1082bdb5-2813-484b-a329-4531aa0ba6bc
06:15:05  [rank0]  WARNING    Skipping example 3772: Invalid cop=-1 in id=fb517784-4673-43e7-9eab-558f24703de8
06:15:05  [rank0]  WARNING    Skipping example 3776: Invalid cop=-1 in id=71ca504a-3747-49b9-8b0b-d6226ec4e034
06:15:05  [rank0]  WARNING    Skipping example 3780: Invalid cop=-1 in id=6118627c-bb44-4b59-86c9-b8e0fbc44e13
06:15:05  [rank0]  WARNING    Skipping example 3784: Invalid cop=-1 in id=2e87245e-6633-4590-9b34-276f35466d89
06:15:05  [rank0]  WARNING    Skipping example 3788: Invalid cop=-1 in id=1511fb4e-cdb4-4902-bd31-184cca5d635d
06:15:05  [rank0]  WARNING    Skipping example 3792: Invalid cop=-1 in id=f90391f0-d4c9-41a3-945a-e029b89830ed
06:15:05  [rank0]  WARNING    Skipping example 3796: Invalid cop=-1 in id=d7d4f128-faff-44a3-8d8b-8f5706922c18
06:15:05  [rank0]  WARNING    Skipping example 3800: Invalid cop=-1 in id=ce374054-a141-4b1a-951b-8aca05b563af
06:15:05  [rank0]  WARNING    Skipping example 3804: Invalid cop=-1 in id=e8f8107e-c13b-42ef-a443-897444def0f7
06:15:05  [rank0]  WARNING    Skipping example 3808: Invalid cop=-1 in id=d318dafe-d3a9-4702-be31-07e793e9affe
06:15:05  [rank0]  WARNING    Skipping example 3812: Invalid cop=-1 in id=8079e256-cc33-4be4-994e-6ac95d3d9fe0
06:15:05  [rank0]  WARNING    Skipping example 3816: Invalid cop=-1 in id=09bd31c0-3e31-4f91-ab1f-8c206cc50e3a
06:15:05  [rank0]  WARNING    Skipping example 3820: Invalid cop=-1 in id=6fa92bb9-0893-4774-8230-b9c0c9285b90
06:15:05  [rank0]  WARNING    Skipping example 3824: Invalid cop=-1 in id=56996499-6c0c-4d75-b7eb-4358df52b6d2
06:15:05  [rank0]  WARNING    Skipping example 3828: Invalid cop=-1 in id=5b1f23fb-e0cf-4f16-a094-d508befe81a7
06:15:05  [rank0]  WARNING    Skipping example 3832: Invalid cop=-1 in id=5ddeba6a-bd3f-473b-b9a6-91692d086d36
06:15:05  [rank0]  WARNING    Skipping example 3836: Invalid cop=-1 in id=f25c0700-72d0-45af-a3bf-c17ee2e37950
06:15:05  [rank0]  WARNING    Skipping example 3840: Invalid cop=-1 in id=66fe8956-6393-4f3b-9571-f2e040e1965b
06:15:05  [rank0]  WARNING    Skipping example 3844: Invalid cop=-1 in id=b67ea635-7acd-4a40-ab3a-7c64ac1a5529
06:15:05  [rank0]  WARNING    Skipping example 3848: Invalid cop=-1 in id=6463b310-df66-4a55-b049-7f498ce49365
06:15:05  [rank0]  WARNING    Skipping example 3852: Invalid cop=-1 in id=259c8558-0de5-4e88-9e1a-9c4702b64bea
06:15:05  [rank0]  WARNING    Skipping example 3856: Invalid cop=-1 in id=ca1abd4f-bd68-4933-8045-d7009c136014
06:15:05  [rank0]  WARNING    Skipping example 3860: Invalid cop=-1 in id=c76a6395-5431-4549-9bc4-615db5e33606
06:15:05  [rank0]  WARNING    Skipping example 3864: Invalid cop=-1 in id=0d3f6aac-3741-4335-a8dd-232c9505f605
06:15:05  [rank0]  WARNING    Skipping example 3868: Invalid cop=-1 in id=05d2173b-3656-41ff-82ce-8288e4cd0e24
06:15:05  [rank0]  WARNING    Skipping example 3872: Invalid cop=-1 in id=214117c0-2d82-4a16-8459-7035d6e0895c
06:15:05  [rank0]  WARNING    Skipping example 3876: Invalid cop=-1 in id=42ba018f-62fa-4b06-957e-1d58982e7413
06:15:05  [rank0]  WARNING    Skipping example 3880: Invalid cop=-1 in id=99d6debf-5e6e-41b0-b3af-7dfadaa60946
06:15:05  [rank0]  WARNING    Skipping example 3884: Invalid cop=-1 in id=2c2cb002-46b9-4271-b9da-ca5ff1a1c6cf
06:15:05  [rank0]  WARNING    Skipping example 3888: Invalid cop=-1 in id=5aa0e071-1759-4b75-8d59-80753d2f50bc
06:15:05  [rank0]  WARNING    Skipping example 3892: Invalid cop=-1 in id=91c2166f-fd58-4e40-99bc-639667c70a5c
06:15:05  [rank0]  WARNING    Skipping example 3896: Invalid cop=-1 in id=6203e632-0d87-4aea-98f7-4df5c9be2ee0
06:15:05  [rank0]  WARNING    Skipping example 3900: Invalid cop=-1 in id=a4f5b039-a7d3-4745-8b59-9a6c7f47957d
06:15:05  [rank0]  WARNING    Skipping example 3904: Invalid cop=-1 in id=3b366d77-ed21-4746-9568-7a4c6e35e7fc
06:15:05  [rank0]  WARNING    Skipping example 3908: Invalid cop=-1 in id=62c8b6aa-788e-4112-a0bc-ee75883d2d39
06:15:05  [rank0]  WARNING    Skipping example 3912: Invalid cop=-1 in id=9dbf5527-179d-4186-b475-39ad94d45063
06:15:05  [rank0]  WARNING    Skipping example 3916: Invalid cop=-1 in id=7ed69e26-01cc-4058-a634-08419b400ff0
06:15:05  [rank0]  WARNING    Skipping example 3920: Invalid cop=-1 in id=9ea9785d-8866-4bd7-8308-b18531af4535
06:15:05  [rank0]  WARNING    Skipping example 3924: Invalid cop=-1 in id=a2d6b46e-b1a0-449d-bf58-f425955ab442
06:15:05  [rank0]  WARNING    Skipping example 3928: Invalid cop=-1 in id=a9cb329c-41a4-482c-a050-c12c8a8166cd
06:15:05  [rank0]  WARNING    Skipping example 3932: Invalid cop=-1 in id=b7d2b37b-4ca3-4475-9539-0cc3a91bf4cb
06:15:05  [rank0]  WARNING    Skipping example 3936: Invalid cop=-1 in id=e9ebb757-690e-4e60-9aaf-f2c71a1f61a0
06:15:05  [rank0]  WARNING    Skipping example 3940: Invalid cop=-1 in id=71d39e4b-ef10-4422-9283-aabb1dfe5693
06:15:05  [rank0]  WARNING    Skipping example 3944: Invalid cop=-1 in id=2d35ce44-38df-4f85-a75c-29f0b89e8c7b
06:15:05  [rank0]  WARNING    Skipping example 3948: Invalid cop=-1 in id=742038bb-3197-4872-ab5b-a00a4802e340
06:15:05  [rank0]  WARNING    Skipping example 3952: Invalid cop=-1 in id=d7aa24c3-f66b-4d5b-b627-c11d2dd9251b
06:15:05  [rank0]  WARNING    Skipping example 3956: Invalid cop=-1 in id=6ce71fc6-03fe-439a-8cb9-e7dfaaea8b57
06:15:05  [rank0]  WARNING    Skipping example 3960: Invalid cop=-1 in id=dc1423ff-6902-44e5-af38-af4b7bfc3aa5
06:15:05  [rank0]  WARNING    Skipping example 3964: Invalid cop=-1 in id=5cbfebe4-b8bd-42f6-8834-6e63b4ac449b
06:15:05  [rank0]  WARNING    Skipping example 3968: Invalid cop=-1 in id=5a3d0ad8-92e9-43c1-ac50-f99ef02777bf
06:15:05  [rank0]  WARNING    Skipping example 3972: Invalid cop=-1 in id=a5fdf221-6e2a-42c3-a794-9cdec69be606
06:15:05  [rank0]  WARNING    Skipping example 3976: Invalid cop=-1 in id=ccf22665-ddea-4687-a859-1e41b7f6f02a
06:15:05  [rank0]  WARNING    Skipping example 3980: Invalid cop=-1 in id=c2b096a7-c463-482a-879a-02d7167d5eeb
06:15:05  [rank0]  WARNING    Skipping example 3984: Invalid cop=-1 in id=287d40a8-78c3-4c18-8033-06dba756dce2
06:15:05  [rank0]  WARNING    Skipping example 3988: Invalid cop=-1 in id=1516ff90-eb33-41b0-921f-c12392c4f13f
06:15:05  [rank0]  WARNING    Skipping example 3992: Invalid cop=-1 in id=62013a2a-ca68-42cc-81ec-5143de477e6a
06:15:05  [rank0]  WARNING    Skipping example 3996: Invalid cop=-1 in id=9500678f-af83-4d39-9067-4b5400fad183
06:15:05  [rank0]  WARNING    Skipping example 4000: Invalid cop=-1 in id=4e831296-c33e-44ae-aef2-d75153196961
06:15:05  [rank0]  WARNING    Skipping example 4004: Invalid cop=-1 in id=20ff252d-fde6-4e8a-9439-7d2b9bfd7a47
06:15:05  [rank0]  WARNING    Skipping example 4008: Invalid cop=-1 in id=ff285054-a452-4c9d-9639-ba0fb54917ed
06:15:05  [rank0]  WARNING    Skipping example 4012: Invalid cop=-1 in id=607b3f38-a786-4248-8780-8402a2c5d89c
06:15:05  [rank0]  WARNING    Skipping example 4016: Invalid cop=-1 in id=0298089f-f659-4591-983e-d8c14ec005e1
06:15:05  [rank0]  WARNING    Skipping example 4020: Invalid cop=-1 in id=2e66f829-94d5-42fd-83ee-db9a88868952
06:15:05  [rank0]  WARNING    Skipping example 4024: Invalid cop=-1 in id=b558c487-f778-437d-8108-b37d0d70afee
06:15:05  [rank0]  WARNING    Skipping example 4028: Invalid cop=-1 in id=38a6f0b5-1b2b-4cd6-a4a7-e34f826be610
06:15:05  [rank0]  WARNING    Skipping example 4032: Invalid cop=-1 in id=965cd7e5-bce1-449b-92ed-90dc14487df6
06:15:05  [rank0]  WARNING    Skipping example 4036: Invalid cop=-1 in id=f824e26a-f907-4d86-8d46-65d6963caee0
06:15:05  [rank0]  WARNING    Skipping example 4040: Invalid cop=-1 in id=7636b0ec-74e9-44c1-9dd6-2de3e9c6d7a8
06:15:05  [rank0]  WARNING    Skipping example 4044: Invalid cop=-1 in id=66d130b0-4456-41a7-8991-e50f7319715a
06:15:05  [rank0]  WARNING    Skipping example 4048: Invalid cop=-1 in id=66d1bb6a-4a46-4b49-9b0f-975c31bd01c2
06:15:05  [rank0]  WARNING    Skipping example 4052: Invalid cop=-1 in id=bf47eac3-c05c-4fbd-816a-6082115c07e0
06:15:05  [rank0]  WARNING    Skipping example 4056: Invalid cop=-1 in id=dee9cd51-fec5-45be-9499-c4935c3c785d
06:15:05  [rank0]  WARNING    Skipping example 4060: Invalid cop=-1 in id=4430f2df-1663-4881-9b9e-e2ab9df95859
06:15:05  [rank0]  WARNING    Skipping example 4064: Invalid cop=-1 in id=357cce1b-7eea-4e0f-8c83-867e833d2d8b
06:15:05  [rank0]  WARNING    Skipping example 4068: Invalid cop=-1 in id=df782bad-a281-4e63-a3c8-b915c1b70129
06:15:05  [rank0]  WARNING    Skipping example 4072: Invalid cop=-1 in id=2356c4c2-7efe-4b26-b6e2-a8558e321491
06:15:05  [rank0]  WARNING    Skipping example 4076: Invalid cop=-1 in id=9fd35955-396f-489e-bd8c-e78ce508975e
06:15:05  [rank0]  WARNING    Skipping example 4080: Invalid cop=-1 in id=706bf256-00c1-442d-a8d2-568dd2e6588f
06:15:05  [rank0]  WARNING    Skipping example 4084: Invalid cop=-1 in id=2c83d7e5-1be2-4579-b2dd-2bcda60f4ed5
06:15:05  [rank0]  WARNING    Skipping example 4088: Invalid cop=-1 in id=a76115fd-04cb-46a1-a2b9-0b78f42454c0
06:15:05  [rank0]  WARNING    Skipping example 4092: Invalid cop=-1 in id=8cc44649-cb81-4f63-a9bf-62d3698a980c
06:15:05  [rank0]  WARNING    Skipping example 4096: Invalid cop=-1 in id=1a279a07-45bc-49b4-80fa-12e09bca807b
06:15:05  [rank0]  WARNING    Skipping example 4100: Invalid cop=-1 in id=52234ef9-c4ce-417a-b74d-c3590f510252
06:15:05  [rank0]  WARNING    Skipping example 4104: Invalid cop=-1 in id=9dec6e01-bbbe-424a-b63c-095155c6175b
06:15:05  [rank0]  WARNING    Skipping example 4108: Invalid cop=-1 in id=e884eb25-9b61-4cc7-af48-06617557f3c4
06:15:05  [rank0]  WARNING    Skipping example 4112: Invalid cop=-1 in id=0433dd74-4688-4297-ba61-910a50a00815
06:15:05  [rank0]  WARNING    Skipping example 4116: Invalid cop=-1 in id=497ef8d0-78cb-4cc5-b279-9b0f5fe46631
06:15:05  [rank0]  WARNING    Skipping example 4120: Invalid cop=-1 in id=aa159190-0521-4cf5-a601-2abe4dd59f0f
06:15:05  [rank0]  WARNING    Skipping example 4124: Invalid cop=-1 in id=5c513848-d631-4da5-95e6-437dc2413bb3
06:15:05  [rank0]  WARNING    Skipping example 4128: Invalid cop=-1 in id=2ee3dc92-5755-4b00-97df-b256b6a7b28b
06:15:05  [rank0]  WARNING    Skipping example 4132: Invalid cop=-1 in id=030a2e1d-99ee-4e0d-97d9-71a2941186d0
06:15:05  [rank0]  WARNING    Skipping example 4136: Invalid cop=-1 in id=bcdbcd6c-011a-40d2-ba16-e036083d4e37
06:15:05  [rank0]  WARNING    Skipping example 4140: Invalid cop=-1 in id=b61ae0ba-6753-4a56-baa0-7796599e7852
06:15:05  [rank0]  WARNING    Skipping example 4144: Invalid cop=-1 in id=f69a440b-4964-4ba9-bfbb-8a2946f53cea
06:15:05  [rank0]  WARNING    Skipping example 4148: Invalid cop=-1 in id=f9ff9044-a1c8-401f-a6c1-86e99bae6833
06:15:05  [rank0]  WARNING    Skipping example 4152: Invalid cop=-1 in id=2fca8450-2871-49f9-94ff-68e665d32dff
06:15:05  [rank0]  WARNING    Skipping example 4156: Invalid cop=-1 in id=df1b5d3f-631f-4a68-bc20-33b445f7860b
06:15:05  [rank0]  WARNING    Skipping example 4160: Invalid cop=-1 in id=beed6774-d06f-4593-a093-232cc77e6ec0
06:15:05  [rank0]  WARNING    Skipping example 4164: Invalid cop=-1 in id=7112770f-bcd7-4d88-9187-a27ba62efeb5
06:15:05  [rank0]  WARNING    Skipping example 4168: Invalid cop=-1 in id=b393fc70-53a3-4437-9b61-802a0af92211
06:15:05  [rank0]  WARNING    Skipping example 4172: Invalid cop=-1 in id=1eeb083f-2110-4091-b313-dad5603c8ba2
06:15:05  [rank0]  WARNING    Skipping example 4176: Invalid cop=-1 in id=872ae2bb-9665-4fe0-9a0a-30edf3079663
06:15:05  [rank0]  WARNING    Skipping example 4180: Invalid cop=-1 in id=daaa5c01-a6b0-4177-a7e8-9f549a38e178
06:15:05  [rank0]  WARNING    Skipping example 4184: Invalid cop=-1 in id=cc25a456-226e-4430-8035-42b0d20660c7
06:15:05  [rank0]  WARNING    Skipping example 4188: Invalid cop=-1 in id=04ffc51a-600a-4175-b941-b9faf1248afd
06:15:05  [rank0]  WARNING    Skipping example 4192: Invalid cop=-1 in id=30d75894-093e-4ed5-bc44-f6620213ace6
06:15:05  [rank0]  WARNING    Skipping example 4196: Invalid cop=-1 in id=e36a85ad-a2a7-410c-ab2a-1672c3a4183c
06:15:05  [rank0]  WARNING    Skipping example 4200: Invalid cop=-1 in id=6325eb55-a122-4e72-b6e9-3b0c8cf34a1e
06:15:05  [rank0]  WARNING    Skipping example 4204: Invalid cop=-1 in id=64ac1e64-32da-41dc-b515-97b22cd9333a
06:15:05  [rank0]  WARNING    Skipping example 4208: Invalid cop=-1 in id=581c1e3a-d2d3-422f-ace2-bf1007384005
06:15:05  [rank0]  WARNING    Skipping example 4212: Invalid cop=-1 in id=fb545b4c-78c0-409f-a0d2-32686a213114
06:15:05  [rank0]  WARNING    Skipping example 4216: Invalid cop=-1 in id=73cd1b49-425e-4f4c-bb0c-0252d358f229
06:15:05  [rank0]  WARNING    Skipping example 4220: Invalid cop=-1 in id=8a504f1c-9349-45ef-bd3b-d0fcf0234cc1
06:15:05  [rank0]  WARNING    Skipping example 4224: Invalid cop=-1 in id=c0187d83-65f3-481a-accd-4770b70337e0
06:15:05  [rank0]  WARNING    Skipping example 4228: Invalid cop=-1 in id=ff651852-58b9-40c8-b110-0ffad8503b19
06:15:05  [rank0]  WARNING    Skipping example 4232: Invalid cop=-1 in id=f8ead02f-b038-4e93-9779-0eeb79558010
06:15:05  [rank0]  WARNING    Skipping example 4236: Invalid cop=-1 in id=9ce566ea-f0e2-4a3d-a294-6bc436ee2e3e
06:15:05  [rank0]  WARNING    Skipping example 4240: Invalid cop=-1 in id=4191b01e-249f-482c-a0b8-503d9a288dd6
06:15:05  [rank0]  WARNING    Skipping example 4244: Invalid cop=-1 in id=1b5a3088-bbb0-4792-a731-f8684e886ba0
06:15:05  [rank0]  WARNING    Skipping example 4248: Invalid cop=-1 in id=af995e9f-5c22-4df8-98e7-6abd536b9ad7
06:15:05  [rank0]  WARNING    Skipping example 4252: Invalid cop=-1 in id=c3ce2b7b-974e-4109-96ef-cc92c6e44a1d
06:15:05  [rank0]  WARNING    Skipping example 4256: Invalid cop=-1 in id=8a39b599-2a89-4fc4-9f4e-49a877c0c062
06:15:05  [rank0]  WARNING    Skipping example 4260: Invalid cop=-1 in id=a5c10e94-7611-4da2-8ef2-99013b9f330f
06:15:05  [rank0]  WARNING    Skipping example 4264: Invalid cop=-1 in id=fedb9e6d-2d8e-42ac-8674-a57d25babaff
06:15:05  [rank0]  WARNING    Skipping example 4268: Invalid cop=-1 in id=4ee0fa56-3ed4-4608-a3ad-0de4ae937b15
06:15:05  [rank0]  WARNING    Skipping example 4272: Invalid cop=-1 in id=c47ccc0c-e5bb-4043-99a5-4e98b657b608
06:15:05  [rank0]  WARNING    Skipping example 4276: Invalid cop=-1 in id=b82a9206-0a5c-48d2-8e9f-a80be5fefa89
06:15:05  [rank0]  WARNING    Skipping example 4280: Invalid cop=-1 in id=0ed69444-c009-43ec-8fcb-aab01379fd8e
06:15:05  [rank0]  WARNING    Skipping example 4284: Invalid cop=-1 in id=48e02dde-52ac-46f5-8e3b-12ebf3b5a685
06:15:05  [rank0]  WARNING    Skipping example 4288: Invalid cop=-1 in id=0fa6f266-8a6a-485c-a3bc-14b00e8ee1c3
06:15:05  [rank0]  WARNING    Skipping example 4292: Invalid cop=-1 in id=2f968f97-6a5c-4dc9-a565-96ed20af693f
06:15:05  [rank0]  WARNING    Skipping example 4296: Invalid cop=-1 in id=2ed6e1dc-c070-475a-9187-167ed6f6bccc
06:15:05  [rank0]  WARNING    Skipping example 4300: Invalid cop=-1 in id=1c594069-3176-4ecf-8c56-da5483989607
06:15:05  [rank0]  WARNING    Skipping example 4304: Invalid cop=-1 in id=eb0b3be9-86b4-4d1d-9635-4940e459bc62
06:15:05  [rank0]  WARNING    Skipping example 4308: Invalid cop=-1 in id=e1cc14c1-b73d-49ce-afea-791f2fe6f2fe
06:15:05  [rank0]  WARNING    Skipping example 4312: Invalid cop=-1 in id=45b9bb2d-0eeb-45ea-8a6c-c7d4458698ba
06:15:05  [rank0]  WARNING    Skipping example 4316: Invalid cop=-1 in id=742c849c-96dd-4285-bcdb-960f274e2d43
06:15:05  [rank0]  WARNING    Skipping example 4320: Invalid cop=-1 in id=ad07ba98-5431-4b31-af6c-9bff6e3077c5
06:15:05  [rank0]  WARNING    Skipping example 4324: Invalid cop=-1 in id=41125d0d-52eb-4c60-8ef0-8753fa426415
06:15:05  [rank0]  WARNING    Skipping example 4328: Invalid cop=-1 in id=959a78d9-cdc0-44cd-8686-95fc580e820b
06:15:05  [rank0]  WARNING    Skipping example 4332: Invalid cop=-1 in id=b163af03-5428-4fc7-9fa5-4eba5e17963a
06:15:05  [rank0]  WARNING    Skipping example 4336: Invalid cop=-1 in id=1d7bab4f-2da1-47d6-9614-f27a8ffe3e2c
06:15:05  [rank0]  WARNING    Skipping example 4340: Invalid cop=-1 in id=c8b24b27-b8b8-455b-a0cc-9b250aec333a
06:15:05  [rank0]  WARNING    Skipping example 4344: Invalid cop=-1 in id=13b5dae8-fdfe-41f9-a8e4-45f7f46f346e
06:15:05  [rank0]  WARNING    Skipping example 4348: Invalid cop=-1 in id=48a728e1-ad22-4ae6-ab52-e9745e64295b
06:15:05  [rank0]  WARNING    Skipping example 4352: Invalid cop=-1 in id=31661b68-9c5f-4265-9d42-25cd8bdc7f16
06:15:05  [rank0]  WARNING    Skipping example 4356: Invalid cop=-1 in id=ed7fa7c5-0857-4e9b-910f-2ceceee084f0
06:15:05  [rank0]  WARNING    Skipping example 4360: Invalid cop=-1 in id=459fe03b-1c1d-4607-a748-f60ee3475797
06:15:05  [rank0]  WARNING    Skipping example 4364: Invalid cop=-1 in id=d7759894-89aa-429f-a587-3057f9d90419
06:15:05  [rank0]  WARNING    Skipping example 4368: Invalid cop=-1 in id=593afe5b-7f80-45d2-878a-8d4cd485e80f
06:15:05  [rank0]  WARNING    Skipping example 4372: Invalid cop=-1 in id=e2ef83dc-3223-4cf1-b793-337a78e9974b
06:15:05  [rank0]  WARNING    Skipping example 4376: Invalid cop=-1 in id=7badafc6-e017-41c7-8345-c494b9e783c6
06:15:05  [rank0]  WARNING    Skipping example 4380: Invalid cop=-1 in id=9f8d0867-b397-457e-a497-845ba357c66f
06:15:05  [rank0]  WARNING    Skipping example 4384: Invalid cop=-1 in id=b472bf09-6187-4b1d-879a-16111ec1ec07
06:15:05  [rank0]  WARNING    Skipping example 4388: Invalid cop=-1 in id=f43a8ee4-c7e8-4d5f-bf2d-9b63fa2c75c9
06:15:05  [rank0]  WARNING    Skipping example 4392: Invalid cop=-1 in id=d79ed1da-b017-497e-ae32-b895e95bc02e
06:15:05  [rank0]  WARNING    Skipping example 4396: Invalid cop=-1 in id=3a086657-9490-4e37-b6d2-6a2b5d458ba4
06:15:05  [rank0]  WARNING    Skipping example 4400: Invalid cop=-1 in id=9919cb53-0907-4546-9eef-2c94facf2506
06:15:05  [rank0]  WARNING    Skipping example 4404: Invalid cop=-1 in id=e6e7b7b6-a537-4fbc-98c6-c6a8c94787c7
06:15:05  [rank0]  WARNING    Skipping example 4408: Invalid cop=-1 in id=5b09ecc2-12c3-4deb-ae19-87b1a7dcea55
06:15:05  [rank0]  WARNING    Skipping example 4412: Invalid cop=-1 in id=7e0327b4-a2b4-4bdb-a07f-aa811e53d698
06:15:05  [rank0]  WARNING    Skipping example 4416: Invalid cop=-1 in id=446638d1-6b97-4d1c-bf6c-fde31660445f
06:15:05  [rank0]  WARNING    Skipping example 4420: Invalid cop=-1 in id=4019c51b-9eba-4a23-ab5f-f63368921dec
06:15:05  [rank0]  WARNING    Skipping example 4424: Invalid cop=-1 in id=fc37662d-5e94-41ac-8ebf-ca82cd6fa41f
06:15:05  [rank0]  WARNING    Skipping example 4428: Invalid cop=-1 in id=14eb77e0-92ad-49d6-8753-74bfc4d55ca4
06:15:05  [rank0]  WARNING    Skipping example 4432: Invalid cop=-1 in id=0f8ecfdb-d558-43de-bb32-5fb49be9a65b
06:15:05  [rank0]  WARNING    Skipping example 4436: Invalid cop=-1 in id=dd8290bf-610e-4ecd-9804-f98c1e83b842
06:15:05  [rank0]  WARNING    Skipping example 4440: Invalid cop=-1 in id=7bc3674e-4e7c-4f15-8866-f26ebf714306
06:15:05  [rank0]  WARNING    Skipping example 4444: Invalid cop=-1 in id=9dc206a6-4b12-4c44-9aaf-b48eb6fc6b86
06:15:05  [rank0]  WARNING    Skipping example 4448: Invalid cop=-1 in id=7166f78e-2636-4bba-a1bd-0ad2ea92d07f
06:15:05  [rank0]  WARNING    Skipping example 4452: Invalid cop=-1 in id=b5bc59dd-28be-4c42-ac25-b2c1ea6de0bd
06:15:05  [rank0]  WARNING    Skipping example 4456: Invalid cop=-1 in id=bd8fbc3a-7168-4054-97c1-533738ad8685
06:15:05  [rank0]  WARNING    Skipping example 4460: Invalid cop=-1 in id=5e52a9cf-c9dc-42ff-9319-70c9fa14ee29
06:15:05  [rank0]  WARNING    Skipping example 4464: Invalid cop=-1 in id=70d204f0-51dd-42d7-8581-0490bee9d769
06:15:05  [rank0]  WARNING    Skipping example 4468: Invalid cop=-1 in id=a24c1139-fdc5-4e40-a86c-d37af153d0d3
06:15:05  [rank0]  WARNING    Skipping example 4472: Invalid cop=-1 in id=45f1fd72-25d5-41d5-a01d-364cd643c801
06:15:05  [rank0]  WARNING    Skipping example 4476: Invalid cop=-1 in id=0bdb2f70-0daa-42a9-b2f5-e188e09d419f
06:15:05  [rank0]  WARNING    Skipping example 4480: Invalid cop=-1 in id=16a76f47-e12f-4f12-b233-5eb5513d1742
06:15:05  [rank0]  WARNING    Skipping example 4484: Invalid cop=-1 in id=d73c099a-f4b2-4317-bfb7-215cdd704b36
06:15:05  [rank0]  WARNING    Skipping example 4488: Invalid cop=-1 in id=8926438b-a1cf-46a7-9f91-f63b4c054c45
06:15:05  [rank0]  WARNING    Skipping example 4492: Invalid cop=-1 in id=e81b3eb9-ccc6-4d8e-ac26-f41134334ba6
06:15:05  [rank0]  WARNING    Skipping example 4496: Invalid cop=-1 in id=f5daf6ac-5c89-4cf0-8922-ae2799b63a9b
06:15:05  [rank0]  WARNING    Skipping example 4500: Invalid cop=-1 in id=1006a417-31fc-4149-82b0-737e9ea39e36
06:15:05  [rank0]  WARNING    Skipping example 4504: Invalid cop=-1 in id=3bc9bba2-e905-458f-9540-1ec3d6b08950
06:15:05  [rank0]  WARNING    Skipping example 4508: Invalid cop=-1 in id=f7a1d398-aac1-48ae-9ca1-39b5e5768d2c
06:15:05  [rank0]  WARNING    Skipping example 4512: Invalid cop=-1 in id=9f1e7f74-0650-434e-bc5a-3b9e6a21d1e7
06:15:05  [rank0]  WARNING    Skipping example 4516: Invalid cop=-1 in id=b4c5c49e-84df-47cc-83e3-f1bd412ffb7d
06:15:05  [rank0]  WARNING    Skipping example 4520: Invalid cop=-1 in id=41561148-9624-4e60-9ff4-89756664172d
06:15:05  [rank0]  WARNING    Skipping example 4524: Invalid cop=-1 in id=04f377f5-d2b0-4b2c-be55-033db24475cc
06:15:05  [rank0]  WARNING    Skipping example 4528: Invalid cop=-1 in id=5107607a-9ea5-4130-b9c9-16c811b9ea11
06:15:05  [rank0]  WARNING    Skipping example 4532: Invalid cop=-1 in id=6ca77796-98b9-4e29-a138-8a205e895ea7
06:15:05  [rank0]  WARNING    Skipping example 4536: Invalid cop=-1 in id=a4fd3d8c-d1d9-4678-bc01-59cbc79e4001
06:15:05  [rank0]  WARNING    Skipping example 4540: Invalid cop=-1 in id=bbf5f17d-d4dc-40a9-950e-0d9429ea50a5
06:15:05  [rank0]  WARNING    Skipping example 4544: Invalid cop=-1 in id=72d8793a-8240-4f3e-ba11-c2832200a18d
06:15:05  [rank0]  WARNING    Skipping example 4548: Invalid cop=-1 in id=63218fca-9b1f-4204-8d99-3522681dc2e7
06:15:05  [rank0]  WARNING    Skipping example 4552: Invalid cop=-1 in id=cc110565-8cb0-4be7-a4e8-4ce0dc193906
06:15:05  [rank0]  WARNING    Skipping example 4556: Invalid cop=-1 in id=5071782d-528e-4727-b6a7-29336a5539a4
06:15:05  [rank0]  WARNING    Skipping example 4560: Invalid cop=-1 in id=01bdc980-e89f-47bb-af57-05349b6cdcdd
06:15:05  [rank0]  WARNING    Skipping example 4564: Invalid cop=-1 in id=5010230f-77af-4d1d-a865-00a53bd9bbf3
06:15:05  [rank0]  WARNING    Skipping example 4568: Invalid cop=-1 in id=443938f4-63fa-44e1-af6d-d76b1bc13d8f
06:15:05  [rank0]  WARNING    Skipping example 4572: Invalid cop=-1 in id=bb5468c4-cf4b-4d6b-bcfa-d94c7d6f37d1
06:15:05  [rank0]  WARNING    Skipping example 4576: Invalid cop=-1 in id=9fb1b1bb-69f5-427f-b06a-ac28e1ecbf34
06:15:05  [rank0]  WARNING    Skipping example 4580: Invalid cop=-1 in id=b3fb0126-5f0d-473d-a0ef-cbf7a6d0b9df
06:15:05  [rank0]  WARNING    Skipping example 4584: Invalid cop=-1 in id=4848ba0c-714e-44a0-859d-2bbd6492395e
06:15:05  [rank0]  WARNING    Skipping example 4588: Invalid cop=-1 in id=4234cd39-46b3-4c74-8ad0-43c17b8b96be
06:15:05  [rank0]  WARNING    Skipping example 4592: Invalid cop=-1 in id=05e68e18-4d23-4c54-a0d7-29997b5d8ff9
06:15:05  [rank0]  WARNING    Skipping example 4596: Invalid cop=-1 in id=9680445b-2d6c-46e3-ba9e-23c8cff0e294
06:15:05  [rank0]  WARNING    Skipping example 4600: Invalid cop=-1 in id=52138f6c-1bbb-4b8e-a951-21e959ce6c1f
06:15:05  [rank0]  WARNING    Skipping example 4604: Invalid cop=-1 in id=a5560364-e725-4e03-aa77-20fc33a21064
06:15:05  [rank0]  WARNING    Skipping example 4608: Invalid cop=-1 in id=8f72f173-b2b0-45fc-9611-c5acfdc94ac7
06:15:05  [rank0]  WARNING    Skipping example 4612: Invalid cop=-1 in id=6d815b45-4094-4351-abfd-ceddc4b85106
06:15:05  [rank0]  WARNING    Skipping example 4616: Invalid cop=-1 in id=d4e10228-1367-4889-9d5e-e8b42cd2afec
06:15:05  [rank0]  WARNING    Skipping example 4620: Invalid cop=-1 in id=7649c8e1-92f4-4109-b5ef-be77d634356e
06:15:05  [rank0]  WARNING    Skipping example 4624: Invalid cop=-1 in id=4a44aad8-5204-4cfa-813e-19b3df5ed881
06:15:05  [rank0]  WARNING    Skipping example 4628: Invalid cop=-1 in id=99358e85-bdeb-46a5-9df3-d9e77284ccd3
06:15:05  [rank0]  WARNING    Skipping example 4632: Invalid cop=-1 in id=364ee54f-ce2c-480d-88d6-37f304818bf3
06:15:05  [rank0]  WARNING    Skipping example 4636: Invalid cop=-1 in id=6556243a-b6cc-4a81-8cd0-7260e4948e4b
06:15:05  [rank0]  WARNING    Skipping example 4640: Invalid cop=-1 in id=234ccd3e-d993-4b78-aad8-d63115483da2
06:15:05  [rank0]  WARNING    Skipping example 4644: Invalid cop=-1 in id=b63e091b-d534-4192-8ea9-249948459c85
06:15:05  [rank0]  WARNING    Skipping example 4648: Invalid cop=-1 in id=25d75a4c-5e6d-40f9-8d5e-56c8f00e3ec6
06:15:05  [rank0]  WARNING    Skipping example 4652: Invalid cop=-1 in id=eb7eee14-1a7f-4188-8d76-8e08afdff59f
06:15:05  [rank0]  WARNING    Skipping example 4656: Invalid cop=-1 in id=59dfaf8d-6d86-4bef-9969-50811cf61efb
06:15:05  [rank0]  WARNING    Skipping example 4660: Invalid cop=-1 in id=12c76217-4a61-44b0-a506-a78dba8ead5c
06:15:05  [rank0]  WARNING    Skipping example 4664: Invalid cop=-1 in id=64e2ae4a-91f5-4a37-b95d-6b41bd217bf6
06:15:05  [rank0]  WARNING    Skipping example 4668: Invalid cop=-1 in id=0ae89066-81ce-47ec-8cd0-44485988a424
06:15:05  [rank0]  WARNING    Skipping example 4672: Invalid cop=-1 in id=da9fafb2-c745-488b-a170-d70913144174
06:15:05  [rank0]  WARNING    Skipping example 4676: Invalid cop=-1 in id=1b780cbf-118b-4c77-9897-b1ccf069f953
06:15:05  [rank0]  WARNING    Skipping example 4680: Invalid cop=-1 in id=5b190f44-8819-4a01-89ab-41b52630894d
06:15:05  [rank0]  WARNING    Skipping example 4684: Invalid cop=-1 in id=135c57a8-3d5c-4c7f-b0a8-cff7459090e8
06:15:05  [rank0]  WARNING    Skipping example 4688: Invalid cop=-1 in id=7e44bffc-0f7a-429b-a124-cc6bb47f5c32
06:15:05  [rank0]  WARNING    Skipping example 4692: Invalid cop=-1 in id=7affcf76-37a0-45b0-a66a-5952c5b04428
06:15:05  [rank0]  WARNING    Skipping example 4696: Invalid cop=-1 in id=f1b3e4d6-8774-4758-90b3-2b26e490bb9e
06:15:05  [rank0]  WARNING    Skipping example 4700: Invalid cop=-1 in id=ccd5c48e-627e-4115-a2ee-487b1f79c182
06:15:05  [rank0]  WARNING    Skipping example 4704: Invalid cop=-1 in id=e7d03576-1bd6-4795-968e-abf3ea7cbf24
06:15:05  [rank0]  WARNING    Skipping example 4708: Invalid cop=-1 in id=b8841446-a0cd-4907-ae70-5850e877fe2a
06:15:05  [rank0]  WARNING    Skipping example 4712: Invalid cop=-1 in id=e8f610b8-077e-43d8-b1b3-dc9a78f641b0
06:15:05  [rank0]  WARNING    Skipping example 4716: Invalid cop=-1 in id=ef9498ce-c7f0-43b8-853f-fb83654abcbb
06:15:05  [rank0]  WARNING    Skipping example 4720: Invalid cop=-1 in id=14a3a2fe-067d-4da6-9fef-9eb04b681957
06:15:05  [rank0]  WARNING    Skipping example 4724: Invalid cop=-1 in id=04c211c5-00ce-4524-a20c-fc9248506eea
06:15:05  [rank0]  WARNING    Skipping example 4728: Invalid cop=-1 in id=1308cb39-fb1b-4f57-b253-eb14c89569c5
06:15:05  [rank0]  WARNING    Skipping example 4732: Invalid cop=-1 in id=63b01867-ebf9-41c8-a976-342f3c3b7c17
06:15:05  [rank0]  WARNING    Skipping example 4736: Invalid cop=-1 in id=3d5a37a6-7f5a-4339-ad52-297a3214c6c2
06:15:05  [rank0]  WARNING    Skipping example 4740: Invalid cop=-1 in id=676f6fe6-4ad4-446d-809a-3692c25a2481
06:15:05  [rank0]  WARNING    Skipping example 4744: Invalid cop=-1 in id=fc8b4e8e-0485-497f-8229-24637fdb51c1
06:15:05  [rank0]  WARNING    Skipping example 4748: Invalid cop=-1 in id=b269b229-ed71-4d5d-af51-30072f85d1cc
06:15:05  [rank0]  WARNING    Skipping example 4752: Invalid cop=-1 in id=9bb994ff-4448-48c9-aade-0c2ed3d5eda9
06:15:05  [rank0]  WARNING    Skipping example 4756: Invalid cop=-1 in id=3ab41832-4408-40f6-854b-5c0b960f2e75
06:15:05  [rank0]  WARNING    Skipping example 4760: Invalid cop=-1 in id=ee434b06-8019-4e4b-9798-d470749eaa76
06:15:05  [rank0]  WARNING    Skipping example 4764: Invalid cop=-1 in id=050fc21c-740b-44f1-8e74-7a1ce59fb8cf
06:15:05  [rank0]  WARNING    Skipping example 4768: Invalid cop=-1 in id=e6298c8d-2d28-4c2b-a977-cb8da353eaff
06:15:05  [rank0]  WARNING    Skipping example 4772: Invalid cop=-1 in id=f37ba254-5601-461e-a6bc-d3f6f597f090
06:15:05  [rank0]  WARNING    Skipping example 4776: Invalid cop=-1 in id=ebc20c64-2e17-411e-9800-6b8a47118217
06:15:05  [rank0]  WARNING    Skipping example 4780: Invalid cop=-1 in id=dc9e7f70-559d-48c7-bb73-e4e02fd7d696
06:15:05  [rank0]  WARNING    Skipping example 4784: Invalid cop=-1 in id=7386493b-9bb7-4740-aa50-a4e19d38fa51
06:15:05  [rank0]  WARNING    Skipping example 4788: Invalid cop=-1 in id=6f46b998-5492-409c-95d0-930b8f0e76fe
06:15:05  [rank0]  WARNING    Skipping example 4792: Invalid cop=-1 in id=f71f5baf-bafc-41e1-9a27-dfdf1bf0796d
06:15:05  [rank0]  WARNING    Skipping example 4796: Invalid cop=-1 in id=2c332382-8d37-4318-9e37-2b8b677e32b7
06:15:05  [rank0]  WARNING    Skipping example 4800: Invalid cop=-1 in id=d40c8d4b-12b6-49ae-b9d5-8e19698065d1
06:15:05  [rank0]  WARNING    Skipping example 4804: Invalid cop=-1 in id=f3a86de2-02dc-4c19-a0c9-c2a2617ba82d
06:15:05  [rank0]  WARNING    Skipping example 4808: Invalid cop=-1 in id=63f817c7-08e2-4c7d-9dbf-3fa6b5270454
06:15:05  [rank0]  WARNING    Skipping example 4812: Invalid cop=-1 in id=5632d5c7-501b-40b9-862a-c28c906e0ebe
06:15:05  [rank0]  WARNING    Skipping example 4816: Invalid cop=-1 in id=ad78ef1c-3011-4698-b699-742236a20101
06:15:05  [rank0]  WARNING    Skipping example 4820: Invalid cop=-1 in id=bcc3598d-aacb-4bd3-97c2-f20d6b2b5e5f
06:15:05  [rank0]  WARNING    Skipping example 4824: Invalid cop=-1 in id=2c872302-6066-490a-807d-26b94ab00dc7
06:15:05  [rank0]  WARNING    Skipping example 4828: Invalid cop=-1 in id=38ab6646-d6d6-4458-8eb0-bf3dd2fc1992
06:15:05  [rank0]  WARNING    Skipping example 4832: Invalid cop=-1 in id=f77bdec3-5769-4da2-93a5-41cb90424af4
06:15:05  [rank0]  WARNING    Skipping example 4836: Invalid cop=-1 in id=608e3918-2790-4c60-bdb2-346d1cd88aff
06:15:05  [rank0]  WARNING    Skipping example 4840: Invalid cop=-1 in id=460aef08-4cfd-4af6-af54-55a84be6726c
06:15:05  [rank0]  WARNING    Skipping example 4844: Invalid cop=-1 in id=cbdb112e-0f42-4197-8033-d95f87bbb098
06:15:05  [rank0]  WARNING    Skipping example 4848: Invalid cop=-1 in id=34e62f77-64d0-44d4-ae1a-c1d4a0180690
06:15:05  [rank0]  WARNING    Skipping example 4852: Invalid cop=-1 in id=7c276db6-b31a-4c84-8289-f953e1dc6c94
06:15:05  [rank0]  WARNING    Skipping example 4856: Invalid cop=-1 in id=a26c0c2d-359f-4cb6-8a40-5caf1fa2f65a
06:15:05  [rank0]  WARNING    Skipping example 4860: Invalid cop=-1 in id=8e6c34cf-501d-4c68-b9bc-b8c776b44e5e
06:15:05  [rank0]  WARNING    Skipping example 4864: Invalid cop=-1 in id=fa0085e8-5252-40df-82d7-6d6fa2a67fb6
06:15:05  [rank0]  WARNING    Skipping example 4868: Invalid cop=-1 in id=2e9bd366-9cdf-45cb-ab33-fe485c9d4cf8
06:15:05  [rank0]  WARNING    Skipping example 4872: Invalid cop=-1 in id=6f1dab12-657e-4f10-82c6-ed384ef68176
06:15:05  [rank0]  WARNING    Skipping example 4876: Invalid cop=-1 in id=e8ed7e5b-910f-4e5a-8789-6bc5b140e97b
06:15:05  [rank0]  WARNING    Skipping example 4880: Invalid cop=-1 in id=222432bd-4492-4f53-ab5e-06a074f1139f
06:15:05  [rank0]  WARNING    Skipping example 4884: Invalid cop=-1 in id=ff46e1d9-251b-41e8-9f00-6ba4eb880c14
06:15:05  [rank0]  WARNING    Skipping example 4888: Invalid cop=-1 in id=2bc0da84-a16d-4e46-a3b4-e5e2750e24a8
06:15:05  [rank0]  WARNING    Skipping example 4892: Invalid cop=-1 in id=6bb9279c-a3aa-455a-92c9-30e3d5935f88
06:15:05  [rank0]  WARNING    Skipping example 4896: Invalid cop=-1 in id=1077232b-215f-46f9-ac29-ab17d110f08e
06:15:05  [rank0]  WARNING    Skipping example 4900: Invalid cop=-1 in id=49ad9c7e-7030-47e8-ba0f-241b5471925d
06:15:05  [rank0]  WARNING    Skipping example 4904: Invalid cop=-1 in id=bdadc71e-2d70-4cb9-bc6a-40a6f68b0c8a
06:15:05  [rank0]  WARNING    Skipping example 4908: Invalid cop=-1 in id=0f117f24-5bf5-4d55-a95c-4bc7b5b41c47
06:15:05  [rank0]  WARNING    Skipping example 4912: Invalid cop=-1 in id=756c3442-26ab-4b58-ad79-ca25f0aa1e04
06:15:05  [rank0]  WARNING    Skipping example 4916: Invalid cop=-1 in id=f0e092aa-a409-4dd2-b847-d096fbb2b9d2
06:15:05  [rank0]  WARNING    Skipping example 4920: Invalid cop=-1 in id=b6e22123-b812-4aa4-97c7-a4ba7b34be84
06:15:05  [rank0]  WARNING    Skipping example 4924: Invalid cop=-1 in id=17d1389c-4081-405a-a6f6-19d1b9b8a3df
06:15:05  [rank0]  WARNING    Skipping example 4928: Invalid cop=-1 in id=1763fe46-dfc6-428a-8946-1ee371c80b92
06:15:05  [rank0]  WARNING    Skipping example 4932: Invalid cop=-1 in id=e732be18-d705-42c7-b2cf-3dc1f394cebf
06:15:05  [rank0]  WARNING    Skipping example 4936: Invalid cop=-1 in id=328dc6a5-7996-453c-a932-75f3f6e623d1
06:15:05  [rank0]  WARNING    Skipping example 4940: Invalid cop=-1 in id=93ffa3a2-1be3-45be-804c-fd47bcbbf96f
06:15:05  [rank0]  WARNING    Skipping example 4944: Invalid cop=-1 in id=7db1d21e-9d98-4b05-a868-2b122e358a77
06:15:05  [rank0]  WARNING    Skipping example 4948: Invalid cop=-1 in id=c09ab993-161a-433a-9932-f8708f7ab54d
06:15:05  [rank0]  WARNING    Skipping example 4952: Invalid cop=-1 in id=fc1e3a60-065a-4002-bb64-d2615604692f
06:15:05  [rank0]  WARNING    Skipping example 4956: Invalid cop=-1 in id=d72280c7-8e44-4ac1-95d3-fd078dc571c1
06:15:05  [rank0]  WARNING    Skipping example 4960: Invalid cop=-1 in id=cb1e70ae-7db0-4205-a8fa-4e8c9685bddd
06:15:05  [rank0]  WARNING    Skipping example 4964: Invalid cop=-1 in id=66f35eb4-14b9-4474-971b-d6832fc94c40
06:15:05  [rank0]  WARNING    Skipping example 4968: Invalid cop=-1 in id=8a70e0d2-bf46-49d8-aaf5-c75c1f636b9a
06:15:05  [rank0]  WARNING    Skipping example 4972: Invalid cop=-1 in id=99e11f42-e22b-449b-bf57-56fe5ab53bf2
06:15:05  [rank0]  WARNING    Skipping example 4976: Invalid cop=-1 in id=5ba8b6d9-0488-40fc-aac2-5a92d59d9175
06:15:05  [rank0]  WARNING    Skipping example 4980: Invalid cop=-1 in id=ea38f0fa-7ad4-40be-8aec-cdef4c0a3789
06:15:05  [rank0]  WARNING    Skipping example 4984: Invalid cop=-1 in id=4b676b14-b315-4f30-9869-88a79c84b6eb
06:15:05  [rank0]  WARNING    Skipping example 4988: Invalid cop=-1 in id=0c87f120-fde2-439a-87cf-7ffcaaa92d52
06:15:05  [rank0]  WARNING    Skipping example 4992: Invalid cop=-1 in id=c80d440c-4e99-4564-9f7a-17ac1cc20d1e
06:15:05  [rank0]  WARNING    Skipping example 4996: Invalid cop=-1 in id=ee2df1c6-983c-45e8-8d28-b50a392fd871
06:15:05  [rank0]  WARNING    Skipping example 5000: Invalid cop=-1 in id=4eacf2c5-5568-413d-87d7-631fb85474e8
06:15:05  [rank0]  WARNING    Skipping example 5004: Invalid cop=-1 in id=d2cfd0f5-43a7-4daf-8970-9980d0b286c8
06:15:05  [rank0]  WARNING    Skipping example 5008: Invalid cop=-1 in id=bbb52cac-7ac8-45b3-a74a-00358b296af0
06:15:05  [rank0]  WARNING    Skipping example 5012: Invalid cop=-1 in id=12712138-14d3-41fb-ab53-05bf65764a75
06:15:05  [rank0]  WARNING    Skipping example 5016: Invalid cop=-1 in id=f6da3899-35b6-444e-b32b-030e7dbb5e4c
06:15:05  [rank0]  WARNING    Skipping example 5020: Invalid cop=-1 in id=3141245e-9b31-48c4-8df4-47ea9cf649a7
06:15:05  [rank0]  WARNING    Skipping example 5024: Invalid cop=-1 in id=35df0119-e942-44b7-84ea-57940fd67b7f
06:15:05  [rank0]  WARNING    Skipping example 5028: Invalid cop=-1 in id=350b2a99-2c33-4850-9868-d3b0eaf46032
06:15:05  [rank0]  WARNING    Skipping example 5032: Invalid cop=-1 in id=c74059d7-76d9-4904-ab14-70354fe2fdb6
06:15:05  [rank0]  WARNING    Skipping example 5036: Invalid cop=-1 in id=b33c9e83-a2fc-484d-b5b5-fc6ebfe13744
06:15:05  [rank0]  WARNING    Skipping example 5040: Invalid cop=-1 in id=d22bbdc0-f91c-4f8d-81d1-ff58837d43cc
06:15:05  [rank0]  WARNING    Skipping example 5044: Invalid cop=-1 in id=5d7a1cf9-9f5a-49e6-a24c-4c65a4497118
06:15:05  [rank0]  WARNING    Skipping example 5048: Invalid cop=-1 in id=19b7c1fa-4d72-48a6-9f2e-9dd9f9736b68
06:15:05  [rank0]  WARNING    Skipping example 5052: Invalid cop=-1 in id=fa6c0b95-a1c4-408f-b0d0-692a4884757f
06:15:05  [rank0]  WARNING    Skipping example 5056: Invalid cop=-1 in id=b236a97c-1128-40d1-92b9-cf0fbb73adc2
06:15:05  [rank0]  WARNING    Skipping example 5060: Invalid cop=-1 in id=8d2b4ebc-c764-4628-9033-8cbabe890e84
06:15:05  [rank0]  WARNING    Skipping example 5064: Invalid cop=-1 in id=a7518acf-0ba0-4a98-a2e1-39519e888a85
06:15:05  [rank0]  WARNING    Skipping example 5068: Invalid cop=-1 in id=fdc3dad9-594b-4eb3-9549-ed1f96734699
06:15:05  [rank0]  WARNING    Skipping example 5072: Invalid cop=-1 in id=0d78721e-b21c-4031-a883-cf7eb57b7e27
06:15:05  [rank0]  WARNING    Skipping example 5076: Invalid cop=-1 in id=621ad62c-9c2f-4066-a9fa-21e4c4ce1e92
06:15:05  [rank0]  WARNING    Skipping example 5080: Invalid cop=-1 in id=8f51368e-a8d2-466e-bee4-09df9e4b7e7e
06:15:05  [rank0]  WARNING    Skipping example 5084: Invalid cop=-1 in id=f7eb6ff4-fc13-49f3-a502-41411348857e
06:15:05  [rank0]  WARNING    Skipping example 5088: Invalid cop=-1 in id=5cd7a850-2bc1-48c9-bcaf-264bc0fd09e4
06:15:05  [rank0]  WARNING    Skipping example 5092: Invalid cop=-1 in id=1044eb40-9d97-47e2-9c3e-e48708357288
06:15:05  [rank0]  WARNING    Skipping example 5096: Invalid cop=-1 in id=25ad173a-6fb0-4423-9a75-0ef5f086ae86
06:15:05  [rank0]  WARNING    Skipping example 5100: Invalid cop=-1 in id=c9bf8ef3-fc2d-4ad4-837e-d76b93919dce
06:15:05  [rank0]  WARNING    Skipping example 5104: Invalid cop=-1 in id=4d15a8ec-0cce-4ced-afbe-f0fc8f3ffd59
06:15:05  [rank0]  WARNING    Skipping example 5108: Invalid cop=-1 in id=358e812a-ad24-4400-97ff-78e7e80045c9
06:15:05  [rank0]  WARNING    Skipping example 5112: Invalid cop=-1 in id=2e975cac-e150-4b67-944d-7b2deacdbf8d
06:15:05  [rank0]  WARNING    Skipping example 5116: Invalid cop=-1 in id=6fd3af49-0d2c-4f03-b70a-841c1f47a8ea
06:15:05  [rank0]  WARNING    Skipping example 5120: Invalid cop=-1 in id=8904e70d-aa24-4445-9def-f3084fec676b
06:15:05  [rank0]  WARNING    Skipping example 5124: Invalid cop=-1 in id=374b2d8c-f7f7-4c72-b347-ed4caa82cb37
06:15:05  [rank0]  WARNING    Skipping example 5128: Invalid cop=-1 in id=276f33ad-db61-4346-a5fd-3a27e701ca17
06:15:05  [rank0]  WARNING    Skipping example 5132: Invalid cop=-1 in id=40cf215e-2c7e-4a5a-aef7-37611570fdd7
06:15:05  [rank0]  WARNING    Skipping example 5136: Invalid cop=-1 in id=51dfd411-7e24-49a3-a119-dc01d3f24407
06:15:05  [rank0]  WARNING    Skipping example 5140: Invalid cop=-1 in id=366d8a2b-4301-4590-8bff-954578fd6b63
06:15:05  [rank0]  WARNING    Skipping example 5144: Invalid cop=-1 in id=838c055d-6271-4c9a-a244-2c1f368fcc16
06:15:05  [rank0]  WARNING    Skipping example 5148: Invalid cop=-1 in id=e59b5c60-f0ac-465b-84b3-98a729ddb233
06:15:05  [rank0]  WARNING    Skipping example 5152: Invalid cop=-1 in id=12a9f638-ea88-4184-9d90-b9dab784d525
06:15:05  [rank0]  WARNING    Skipping example 5156: Invalid cop=-1 in id=e56ae213-d744-4a27-b97d-f6c36a0f910e
06:15:05  [rank0]  WARNING    Skipping example 5160: Invalid cop=-1 in id=c7661e85-34d6-4b46-b51a-8eae40c89a55
06:15:05  [rank0]  WARNING    Skipping example 5164: Invalid cop=-1 in id=07a3bcbe-5972-43b4-a3bc-2717de94de82
06:15:05  [rank0]  WARNING    Skipping example 5168: Invalid cop=-1 in id=a3d728ec-41d9-4128-9175-4b902b05c143
06:15:05  [rank0]  WARNING    Skipping example 5172: Invalid cop=-1 in id=6eac4247-8636-451a-a034-d6a70119fb9e
06:15:05  [rank0]  WARNING    Skipping example 5176: Invalid cop=-1 in id=24b7f151-20b3-4810-8682-e887994593b4
06:15:05  [rank0]  WARNING    Skipping example 5180: Invalid cop=-1 in id=bb208b96-a8e3-499a-8250-9bcde7df8bbc
06:15:05  [rank0]  WARNING    Skipping example 5184: Invalid cop=-1 in id=16d34dd9-2bc6-4794-8def-7e7b7e689699
06:15:05  [rank0]  WARNING    Skipping example 5188: Invalid cop=-1 in id=e8f2b3ea-8048-49ec-b9c2-7c7ecce53df5
06:15:05  [rank0]  WARNING    Skipping example 5192: Invalid cop=-1 in id=4a35dbe2-1df2-455b-9ff8-eb74890eb34e
06:15:05  [rank0]  WARNING    Skipping example 5196: Invalid cop=-1 in id=1fb6fae1-aad8-446e-a2b8-4574197eea3a
06:15:05  [rank0]  WARNING    Skipping example 5200: Invalid cop=-1 in id=3149e864-e3e4-436b-b64c-c4922a828672
06:15:05  [rank0]  WARNING    Skipping example 5204: Invalid cop=-1 in id=1905df61-484b-4df5-ac59-7fdd819d5d39
06:15:05  [rank0]  WARNING    Skipping example 5208: Invalid cop=-1 in id=6b07ef1c-66a5-47ca-b430-92e7992c67ac
06:15:05  [rank0]  WARNING    Skipping example 5212: Invalid cop=-1 in id=aaebbf9d-91fa-4773-bf66-a732b6d96658
06:15:05  [rank0]  WARNING    Skipping example 5216: Invalid cop=-1 in id=78c043be-ed54-4a54-ad85-bfaf2950d465
06:15:05  [rank0]  WARNING    Skipping example 5220: Invalid cop=-1 in id=dc035557-179c-4246-b84f-df030c21dfcb
06:15:05  [rank0]  WARNING    Skipping example 5224: Invalid cop=-1 in id=aa6632f7-1ec9-4460-af7a-f11125b775c3
06:15:05  [rank0]  WARNING    Skipping example 5228: Invalid cop=-1 in id=1fad64f6-6995-46b6-9011-eacb600883b1
06:15:05  [rank0]  WARNING    Skipping example 5232: Invalid cop=-1 in id=0f651b06-4794-4c13-8b8e-cf4d788013b7
06:15:05  [rank0]  WARNING    Skipping example 5236: Invalid cop=-1 in id=e9785f8d-ee4c-4bc5-89ba-26483e0f2ac1
06:15:05  [rank0]  WARNING    Skipping example 5240: Invalid cop=-1 in id=ec884e59-5665-4a8d-9562-0fdc335a42ed
06:15:05  [rank0]  WARNING    Skipping example 5244: Invalid cop=-1 in id=5191f46a-b055-400e-b34e-a16e432fdd94
06:15:05  [rank0]  WARNING    Skipping example 5248: Invalid cop=-1 in id=18725fbb-1675-439c-87d9-0f5ea4663898
06:15:05  [rank0]  WARNING    Skipping example 5252: Invalid cop=-1 in id=9508e587-9402-4da4-8709-0a273eec2450
06:15:05  [rank0]  WARNING    Skipping example 5256: Invalid cop=-1 in id=47c739f6-cf35-4aaf-9a0b-671594ecdfb1
06:15:05  [rank0]  WARNING    Skipping example 5260: Invalid cop=-1 in id=769c6581-f50c-41a7-8cc4-70b83c22629f
06:15:05  [rank0]  WARNING    Skipping example 5264: Invalid cop=-1 in id=2bffc5a7-055d-4c51-9aa5-c11912b38127
06:15:05  [rank0]  WARNING    Skipping example 5268: Invalid cop=-1 in id=78898d0c-26c0-4848-97ca-c483229411e8
06:15:05  [rank0]  WARNING    Skipping example 5272: Invalid cop=-1 in id=41cb2448-2638-49c9-a1be-c9cb9cbb293b
06:15:05  [rank0]  WARNING    Skipping example 5276: Invalid cop=-1 in id=2a8f4e16-c07e-41f9-ae14-d290fb0e0236
06:15:05  [rank0]  WARNING    Skipping example 5280: Invalid cop=-1 in id=e53eb47c-6346-494a-9492-c28f9e0bb583
06:15:05  [rank0]  WARNING    Skipping example 5284: Invalid cop=-1 in id=d9a628e9-0746-4ec0-b495-f84fb696b925
06:15:05  [rank0]  WARNING    Skipping example 5288: Invalid cop=-1 in id=5c8eb5c2-bc27-40c6-a1c9-dd65aff382ef
06:15:05  [rank0]  WARNING    Skipping example 5292: Invalid cop=-1 in id=cb7dddcd-fda9-415d-91a0-fa755822881e
06:15:05  [rank0]  WARNING    Skipping example 5296: Invalid cop=-1 in id=4037fc41-5d5e-403f-ad06-6aed6849db34
06:15:05  [rank0]  WARNING    Skipping example 5300: Invalid cop=-1 in id=111e8cae-f95d-408a-addb-d6f28353b036
06:15:05  [rank0]  WARNING    Skipping example 5304: Invalid cop=-1 in id=2217155b-474f-454f-b311-e7dcfa08a487
06:15:05  [rank0]  WARNING    Skipping example 5308: Invalid cop=-1 in id=d22a619f-1621-435c-a67d-0af398c56470
06:15:05  [rank0]  WARNING    Skipping example 5312: Invalid cop=-1 in id=fd3a0bb7-45b6-4d04-b229-a684208820ce
06:15:05  [rank0]  WARNING    Skipping example 5316: Invalid cop=-1 in id=0ce0e0ec-d5f7-49b3-bf67-065256293cc4
06:15:05  [rank0]  WARNING    Skipping example 5320: Invalid cop=-1 in id=77a81aa1-0e62-4976-8a2d-6548004556f7
06:15:05  [rank0]  WARNING    Skipping example 5324: Invalid cop=-1 in id=74010912-f32e-47df-aa59-067527f99e36
06:15:05  [rank0]  WARNING    Skipping example 5328: Invalid cop=-1 in id=341afa0b-aadb-4981-841b-890923c96902
06:15:05  [rank0]  WARNING    Skipping example 5332: Invalid cop=-1 in id=a39a86c5-e9ef-4ba0-bf91-98a9e4b48f74
06:15:05  [rank0]  WARNING    Skipping example 5336: Invalid cop=-1 in id=00bae679-48d7-449b-959a-2a6079ba7377
06:15:05  [rank0]  WARNING    Skipping example 5340: Invalid cop=-1 in id=420809c7-14e1-4cb5-b858-189a4c056633
06:15:05  [rank0]  WARNING    Skipping example 5344: Invalid cop=-1 in id=873a98d2-86ba-41fd-b2bf-d29b8bad22a8
06:15:05  [rank0]  WARNING    Skipping example 5348: Invalid cop=-1 in id=48cdcaec-673e-4a75-8a04-79d60938a50c
06:15:05  [rank0]  WARNING    Skipping example 5352: Invalid cop=-1 in id=57bec7ce-dc67-4101-94db-c6fe9a346cc5
06:15:05  [rank0]  WARNING    Skipping example 5356: Invalid cop=-1 in id=ac5a65e7-62c1-47b0-b8b2-95a8e272600e
06:15:05  [rank0]  WARNING    Skipping example 5360: Invalid cop=-1 in id=70e3d33e-cf82-43d8-a7f3-fe7beb521ba3
06:15:05  [rank0]  WARNING    Skipping example 5364: Invalid cop=-1 in id=5ccee4c2-82aa-454b-82d1-3ad4c2524bd3
06:15:05  [rank0]  WARNING    Skipping example 5368: Invalid cop=-1 in id=e2d05055-49b4-44a3-8547-d4f5db0a5c8f
06:15:05  [rank0]  WARNING    Skipping example 5372: Invalid cop=-1 in id=6d656191-29e6-4209-a139-b8cb0ec145e9
06:15:05  [rank0]  WARNING    Skipping example 5376: Invalid cop=-1 in id=89bbff91-df5e-4bab-9819-66364c7bd7e7
06:15:05  [rank0]  WARNING    Skipping example 5380: Invalid cop=-1 in id=08b728f5-1488-49cb-8530-9248dee13c52
06:15:05  [rank0]  WARNING    Skipping example 5384: Invalid cop=-1 in id=abab574c-479c-44c5-81f8-3eb88c74f52f
06:15:05  [rank0]  WARNING    Skipping example 5388: Invalid cop=-1 in id=ac72850c-6ece-4a6f-acf1-4b6ea82659d8
06:15:05  [rank0]  WARNING    Skipping example 5392: Invalid cop=-1 in id=21b392e3-6eb6-45d6-ace9-f756c45bd6f4
06:15:05  [rank0]  WARNING    Skipping example 5396: Invalid cop=-1 in id=a7cd78f4-b7ac-4565-b5da-b9dc4c1377cb
06:15:05  [rank0]  WARNING    Skipping example 5400: Invalid cop=-1 in id=23441b30-72ea-403b-9d21-1c47adcd980e
06:15:05  [rank0]  WARNING    Skipping example 5404: Invalid cop=-1 in id=719d4eff-7ad0-4e90-afb0-d0bd7038c540
06:15:05  [rank0]  WARNING    Skipping example 5408: Invalid cop=-1 in id=8b7ddb9a-06ee-4092-b60f-08c0214d9fe7
06:15:05  [rank0]  WARNING    Skipping example 5412: Invalid cop=-1 in id=9eab3d80-7269-427f-b8bf-3456cde15e6b
06:15:05  [rank0]  WARNING    Skipping example 5416: Invalid cop=-1 in id=79ebbbf3-a30f-4761-8f82-16cdd10feede
06:15:05  [rank0]  WARNING    Skipping example 5420: Invalid cop=-1 in id=01d18519-5ddb-439c-abb9-65107423f21e
06:15:05  [rank0]  WARNING    Skipping example 5424: Invalid cop=-1 in id=997c1b38-7217-4fae-b8a7-6cd4497ea71c
06:15:05  [rank0]  WARNING    Skipping example 5428: Invalid cop=-1 in id=b4b951e1-33e3-45cc-b825-924502d73594
06:15:05  [rank0]  WARNING    Skipping example 5432: Invalid cop=-1 in id=0d3947f3-8334-4b0f-91b2-a3c3faf5483d
06:15:05  [rank0]  WARNING    Skipping example 5436: Invalid cop=-1 in id=7213fb58-5751-4b48-8614-a37b7470e6ae
06:15:05  [rank0]  WARNING    Skipping example 5440: Invalid cop=-1 in id=6c1f8b36-b1d7-47c3-b8c6-01d367c57e21
06:15:05  [rank0]  WARNING    Skipping example 5444: Invalid cop=-1 in id=82a93485-f643-4c2c-82f3-289c994485f0
06:15:05  [rank0]  WARNING    Skipping example 5448: Invalid cop=-1 in id=4387b0de-be08-47d1-a3bf-4322f8ea3986
06:15:05  [rank0]  WARNING    Skipping example 5452: Invalid cop=-1 in id=ff0f1dec-18c2-47a6-b149-bba54d47a1a3
06:15:05  [rank0]  WARNING    Skipping example 5456: Invalid cop=-1 in id=985f8511-8739-408f-ad86-65294d3e2648
06:15:05  [rank0]  WARNING    Skipping example 5460: Invalid cop=-1 in id=4c2682da-93d2-4b34-8190-a07f56dc226d
06:15:05  [rank0]  WARNING    Skipping example 5464: Invalid cop=-1 in id=fdf35ce2-2059-48d6-806f-da8f5811b24d
06:15:05  [rank0]  WARNING    Skipping example 5468: Invalid cop=-1 in id=21b84cfd-ef8d-4a3e-961d-9d4d9c954c94
06:15:05  [rank0]  WARNING    Skipping example 5472: Invalid cop=-1 in id=5e72efb4-c1f2-4179-af6b-df2dd2f7ef4d
06:15:05  [rank0]  WARNING    Skipping example 5476: Invalid cop=-1 in id=05943fa7-5a74-4ef2-9c04-4768ed9ef7b2
06:15:05  [rank0]  WARNING    Skipping example 5480: Invalid cop=-1 in id=113b587d-fa99-40e6-9d9e-a4e360fbf74b
06:15:05  [rank0]  WARNING    Skipping example 5484: Invalid cop=-1 in id=3177a9b5-c428-4878-8e76-66151436a5ab
06:15:05  [rank0]  WARNING    Skipping example 5488: Invalid cop=-1 in id=063799c4-e9c1-42bf-b458-4f0aafad7981
06:15:05  [rank0]  WARNING    Skipping example 5492: Invalid cop=-1 in id=8baf5de1-9041-4065-a3dd-61b2a93f57fb
06:15:05  [rank0]  WARNING    Skipping example 5496: Invalid cop=-1 in id=941dbd34-d3f7-4e99-8459-9f8a2abfa557
06:15:05  [rank0]  WARNING    Skipping example 5500: Invalid cop=-1 in id=227a7c53-b62d-4ce5-a40d-89db1388bcf0
06:15:05  [rank0]  WARNING    Skipping example 5504: Invalid cop=-1 in id=1093ba2a-4867-4b0e-be51-ccda5b267779
06:15:05  [rank0]  WARNING    Skipping example 5508: Invalid cop=-1 in id=4b5609fa-02aa-439f-affd-6aea27cf1374
06:15:05  [rank0]  WARNING    Skipping example 5512: Invalid cop=-1 in id=589cc67b-d588-4569-8b87-da12c1c83821
06:15:05  [rank0]  WARNING    Skipping example 5516: Invalid cop=-1 in id=62799112-4982-4376-a102-cacb45fca7cd
06:15:05  [rank0]  WARNING    Skipping example 5520: Invalid cop=-1 in id=23e334b3-90d6-4d69-a8a0-291ccc63d00d
06:15:05  [rank0]  WARNING    Skipping example 5524: Invalid cop=-1 in id=1d4b5174-5c24-4782-ba37-639319962acf
06:15:05  [rank0]  WARNING    Skipping example 5528: Invalid cop=-1 in id=c6b1664f-3ccb-4fd7-a245-30102b9a0155
06:15:05  [rank0]  WARNING    Skipping example 5532: Invalid cop=-1 in id=7381662a-274f-4dc3-8648-1124e87d940f
06:15:05  [rank0]  WARNING    Skipping example 5536: Invalid cop=-1 in id=997a634a-2f85-4503-b24f-1fbc5356b97a
06:15:05  [rank0]  WARNING    Skipping example 5540: Invalid cop=-1 in id=8320818e-6816-4adc-8a33-6208dca2e7f9
06:15:05  [rank0]  WARNING    Skipping example 5544: Invalid cop=-1 in id=306f41b4-63be-476d-b08a-5d2b30fc121f
06:15:05  [rank0]  WARNING    Skipping example 5548: Invalid cop=-1 in id=1fa5c5ea-d142-46e5-844b-99b723baa5b6
06:15:05  [rank0]  WARNING    Skipping example 5552: Invalid cop=-1 in id=800dfaaa-5df4-4264-b5ae-65769ce3bf92
06:15:05  [rank0]  WARNING    Skipping example 5556: Invalid cop=-1 in id=92a855ee-298b-40f6-94fe-8b46f1759ddc
06:15:05  [rank0]  WARNING    Skipping example 5560: Invalid cop=-1 in id=61190406-411e-4d26-8116-d3888cccbac1
06:15:05  [rank0]  WARNING    Skipping example 5564: Invalid cop=-1 in id=141de8bd-781f-4fc2-9fc9-a241450836a5
06:15:05  [rank0]  WARNING    Skipping example 5568: Invalid cop=-1 in id=0d5c6b9c-7f07-4bbd-b195-6d228af28d4f
06:15:05  [rank0]  WARNING    Skipping example 5572: Invalid cop=-1 in id=fd38b619-c540-4cbf-a48a-c0e8e852cbe6
06:15:05  [rank0]  WARNING    Skipping example 5576: Invalid cop=-1 in id=a71ee7e7-568a-46eb-91f5-a152d75bea9b
06:15:05  [rank0]  WARNING    Skipping example 5580: Invalid cop=-1 in id=1a92a882-cbd4-4bec-a7d9-d4f00a96af55
06:15:05  [rank0]  WARNING    Skipping example 5584: Invalid cop=-1 in id=bb7fac88-d3b3-4ae8-9d32-29cb2bedcf01
06:15:05  [rank0]  WARNING    Skipping example 5588: Invalid cop=-1 in id=c7ed8bef-475e-4133-a1f2-fbab05544a70
06:15:05  [rank0]  WARNING    Skipping example 5592: Invalid cop=-1 in id=86eccf1c-327f-4bd9-8bb0-892e94b0ffed
06:15:05  [rank0]  WARNING    Skipping example 5596: Invalid cop=-1 in id=55b019a1-c360-4d88-99e7-c6429d81f5f1
06:15:05  [rank0]  WARNING    Skipping example 5600: Invalid cop=-1 in id=3410047b-eb27-49fd-af06-5e267a9fd40e
06:15:05  [rank0]  WARNING    Skipping example 5604: Invalid cop=-1 in id=dc684e31-0f7e-4ef9-9e26-3c9dbe8541e2
06:15:05  [rank0]  WARNING    Skipping example 5608: Invalid cop=-1 in id=78ab1008-b5de-4129-8e6d-144e926f8292
06:15:05  [rank0]  WARNING    Skipping example 5612: Invalid cop=-1 in id=a8fa4634-ad80-4141-8a8f-0fa3d3d00dc9
06:15:05  [rank0]  WARNING    Skipping example 5616: Invalid cop=-1 in id=f6f27978-a315-476a-ab14-0164b1620b3d
06:15:05  [rank0]  WARNING    Skipping example 5620: Invalid cop=-1 in id=e706b8d3-1706-4417-8fbf-b4ce2726fa4d
06:15:05  [rank0]  WARNING    Skipping example 5624: Invalid cop=-1 in id=5778805a-f75b-4fdb-b48b-bf129c88c0cc
06:15:05  [rank0]  WARNING    Skipping example 5628: Invalid cop=-1 in id=31aad5f9-f46e-40ca-ad2a-87fae39f92fd
06:15:05  [rank0]  WARNING    Skipping example 5632: Invalid cop=-1 in id=690ad15e-7ab1-497f-9507-7a10cd947249
06:15:05  [rank0]  WARNING    Skipping example 5636: Invalid cop=-1 in id=2f1b7e77-ab01-4082-95e2-54d3eb47d746
06:15:05  [rank0]  WARNING    Skipping example 5640: Invalid cop=-1 in id=2f751a6a-a3ae-49c6-a4fe-df5b76b2dbb9
06:15:05  [rank0]  WARNING    Skipping example 5644: Invalid cop=-1 in id=536d6e9f-52e4-4ff1-8249-eadf0d87a29a
06:15:05  [rank0]  WARNING    Skipping example 5648: Invalid cop=-1 in id=14fb18e3-baf4-429a-a75b-fbd725ce4b44
06:15:05  [rank0]  WARNING    Skipping example 5652: Invalid cop=-1 in id=3d88773b-73f9-4fca-8034-dab39f2dcd99
06:15:05  [rank0]  WARNING    Skipping example 5656: Invalid cop=-1 in id=d6d3d6f6-a6c9-4d9c-a62d-620684d8a339
06:15:05  [rank0]  WARNING    Skipping example 5660: Invalid cop=-1 in id=3c643222-d96a-4a11-b8cb-46219e9f4cbc
06:15:05  [rank0]  WARNING    Skipping example 5664: Invalid cop=-1 in id=96650b6b-3f77-4c5f-b1af-b259efa6baab
06:15:05  [rank0]  WARNING    Skipping example 5668: Invalid cop=-1 in id=cfe961d0-3955-4bfa-ada9-9c5beb5f6cb9
06:15:05  [rank0]  WARNING    Skipping example 5672: Invalid cop=-1 in id=b22a21c2-52b2-4acc-b75b-1dd88fd201c5
06:15:05  [rank0]  WARNING    Skipping example 5676: Invalid cop=-1 in id=8e8ec75b-b87b-4d59-bcc2-1675202d200b
06:15:05  [rank0]  WARNING    Skipping example 5680: Invalid cop=-1 in id=c10ed6a6-eb7c-480e-9277-6a2eb7cf189c
06:15:05  [rank0]  WARNING    Skipping example 5684: Invalid cop=-1 in id=d5b3863c-36b4-4ad9-834d-712801334128
06:15:05  [rank0]  WARNING    Skipping example 5688: Invalid cop=-1 in id=ef35bacb-2d68-4a01-971d-ff61a32ef794
06:15:05  [rank0]  WARNING    Skipping example 5692: Invalid cop=-1 in id=d1a50a4e-7c34-4fc1-8388-9ce94e61f039
06:15:05  [rank0]  WARNING    Skipping example 5696: Invalid cop=-1 in id=794aa2c0-1839-47a2-a03f-85a5d4819e04
06:15:05  [rank0]  WARNING    Skipping example 5700: Invalid cop=-1 in id=e62732a1-af9f-49bb-81ec-3ca0a3a77ac5
06:15:05  [rank0]  WARNING    Skipping example 5704: Invalid cop=-1 in id=02eabb08-285b-45fe-a28a-cf858e188a56
06:15:05  [rank0]  WARNING    Skipping example 5708: Invalid cop=-1 in id=567a0b96-ccfc-4767-a0f6-0c5e26dc16c6
06:15:05  [rank0]  WARNING    Skipping example 5712: Invalid cop=-1 in id=b501b0de-72dd-4c61-9334-93fb58eb6bb5
06:15:05  [rank0]  WARNING    Skipping example 5716: Invalid cop=-1 in id=28f360a7-31b6-4373-8cf0-018d9ba55d0d
06:15:05  [rank0]  WARNING    Skipping example 5720: Invalid cop=-1 in id=5f0771e1-b59a-45e2-9159-de9e6e65780b
06:15:05  [rank0]  WARNING    Skipping example 5724: Invalid cop=-1 in id=a00f40eb-e74b-4490-b8a0-321fa309de73
06:15:05  [rank0]  WARNING    Skipping example 5728: Invalid cop=-1 in id=57ef801b-c6c4-44bd-8141-6fb1b705ed79
06:15:05  [rank0]  WARNING    Skipping example 5732: Invalid cop=-1 in id=caafcdae-28b6-4b78-a699-e0bdecb07346
06:15:05  [rank0]  WARNING    Skipping example 5736: Invalid cop=-1 in id=fa685c5f-188c-4681-a744-5613d8cb1c07
06:15:05  [rank0]  WARNING    Skipping example 5740: Invalid cop=-1 in id=172e8664-6949-48b8-b815-13e052458a05
06:15:05  [rank0]  WARNING    Skipping example 5744: Invalid cop=-1 in id=2177bd8b-785e-4ff4-83e5-2067e8893abd
06:15:05  [rank0]  WARNING    Skipping example 5748: Invalid cop=-1 in id=f7279de6-3002-4f4f-a7db-21e70adc3436
06:15:05  [rank0]  WARNING    Skipping example 5752: Invalid cop=-1 in id=2b21bdc1-10d6-4d4c-93d7-3c4430a6b424
06:15:05  [rank0]  WARNING    Skipping example 5756: Invalid cop=-1 in id=b1815262-87fa-456c-9e51-7664fbe4bba6
06:15:05  [rank0]  WARNING    Skipping example 5760: Invalid cop=-1 in id=31d0316a-7bfd-4d9e-b669-41dd206350fd
06:15:05  [rank0]  WARNING    Skipping example 5764: Invalid cop=-1 in id=e5071173-81e7-46c8-adb7-0d54074e70f2
06:15:05  [rank0]  WARNING    Skipping example 5768: Invalid cop=-1 in id=cf22befc-537e-490e-ac2f-4cf2fc1a6feb
06:15:05  [rank0]  WARNING    Skipping example 5772: Invalid cop=-1 in id=f9f96327-c5e6-4886-b015-4f1be4626dce
06:15:05  [rank0]  WARNING    Skipping example 5776: Invalid cop=-1 in id=163f0248-7a82-49d6-b44d-44643b570a57
06:15:05  [rank0]  WARNING    Skipping example 5780: Invalid cop=-1 in id=5f0a98ab-1c48-4c8d-b31f-d00e2aa8e38c
06:15:05  [rank0]  WARNING    Skipping example 5784: Invalid cop=-1 in id=c0eef450-ccf6-4a49-86a3-eef7f1f0393d
06:15:05  [rank0]  WARNING    Skipping example 5788: Invalid cop=-1 in id=335460c2-7acb-49a0-8052-35ba5e05d1a7
06:15:05  [rank0]  WARNING    Skipping example 5792: Invalid cop=-1 in id=b2ecbe03-2db0-4e12-8120-84f470b7fead
06:15:05  [rank0]  WARNING    Skipping example 5796: Invalid cop=-1 in id=a4e8158e-345b-4460-8bc4-b32863727874
06:15:05  [rank0]  WARNING    Skipping example 5800: Invalid cop=-1 in id=a601e047-da2f-4f94-aa03-040796cfcaaf
06:15:05  [rank0]  WARNING    Skipping example 5804: Invalid cop=-1 in id=0560928c-8dba-439a-adc5-cd0d1f8ff29d
06:15:05  [rank0]  WARNING    Skipping example 5808: Invalid cop=-1 in id=a28c8c15-c73c-4f28-8ccb-8d18c565fd00
06:15:05  [rank0]  WARNING    Skipping example 5812: Invalid cop=-1 in id=78d7684d-f5ff-4fe8-8caa-cd3ef5a65ec0
06:15:05  [rank0]  WARNING    Skipping example 5816: Invalid cop=-1 in id=302780b2-7ddc-474a-b007-2866449f6e7b
06:15:05  [rank0]  WARNING    Skipping example 5820: Invalid cop=-1 in id=271eed08-c1e6-4936-9aab-dd62f1ec19b9
06:15:05  [rank0]  WARNING    Skipping example 5824: Invalid cop=-1 in id=a57bc882-7732-4181-948a-b22dfdfd173f
06:15:05  [rank0]  WARNING    Skipping example 5828: Invalid cop=-1 in id=f4b64be8-43e3-42ca-ae56-1b92a407182e
06:15:05  [rank0]  WARNING    Skipping example 5832: Invalid cop=-1 in id=2c36aa40-1551-4c6f-9107-d66c6f0912f2
06:15:05  [rank0]  WARNING    Skipping example 5836: Invalid cop=-1 in id=3020d7fc-5afe-4d93-8fdb-8370ed8b60b6
06:15:05  [rank0]  WARNING    Skipping example 5840: Invalid cop=-1 in id=2aaf6a48-8ffc-4d93-bbe3-04c089485881
06:15:05  [rank0]  WARNING    Skipping example 5844: Invalid cop=-1 in id=c5e03547-406b-494e-8238-3e62aa433588
06:15:05  [rank0]  WARNING    Skipping example 5848: Invalid cop=-1 in id=442d29f7-c3a7-46e2-bf71-17d9213fb6f6
06:15:05  [rank0]  WARNING    Skipping example 5852: Invalid cop=-1 in id=0e480558-5105-40a7-90ac-22cd26a2594e
06:15:05  [rank0]  WARNING    Skipping example 5856: Invalid cop=-1 in id=ee78cb2e-65ff-4053-8b2b-15ef94a2e47a
06:15:05  [rank0]  WARNING    Skipping example 5860: Invalid cop=-1 in id=6dfba287-7706-4842-b46b-dad251e55492
06:15:05  [rank0]  WARNING    Skipping example 5864: Invalid cop=-1 in id=e5e6b2d8-9ced-4db6-ae18-c234d5f26f82
06:15:05  [rank0]  WARNING    Skipping example 5868: Invalid cop=-1 in id=36260bd2-fb00-4aa4-b8d8-034a0612b3cd
06:15:05  [rank0]  WARNING    Skipping example 5872: Invalid cop=-1 in id=36f253be-6502-4fb9-bcd3-feb9b39046ae
06:15:05  [rank0]  WARNING    Skipping example 5876: Invalid cop=-1 in id=86a312d2-8523-43be-974a-a1aa2db539c4
06:15:05  [rank0]  WARNING    Skipping example 5880: Invalid cop=-1 in id=fd85ccac-88bb-4191-9369-5b01da02b87f
06:15:05  [rank0]  WARNING    Skipping example 5884: Invalid cop=-1 in id=2096d306-9561-4562-bf59-e35f1b719588
06:15:05  [rank0]  WARNING    Skipping example 5888: Invalid cop=-1 in id=b84ff200-187c-4be4-b2be-e53c66e80b87
06:15:05  [rank0]  WARNING    Skipping example 5892: Invalid cop=-1 in id=354f78e6-3997-4084-86dd-504097a0fa4e
06:15:05  [rank0]  WARNING    Skipping example 5896: Invalid cop=-1 in id=1ce49db6-ac81-4a29-92ba-2eb0944e99ea
06:15:05  [rank0]  WARNING    Skipping example 5900: Invalid cop=-1 in id=96844299-2e0d-4669-b0d7-5b4c045285bc
06:15:05  [rank0]  WARNING    Skipping example 5904: Invalid cop=-1 in id=6699c04f-5537-4e2e-91aa-ade1f80cebf9
06:15:05  [rank0]  WARNING    Skipping example 5908: Invalid cop=-1 in id=e8fe1eb4-da4a-4d00-ae23-6b8293b8db64
06:15:05  [rank0]  WARNING    Skipping example 5912: Invalid cop=-1 in id=f1431836-c781-414e-9802-4d944bc65787
06:15:05  [rank0]  WARNING    Skipping example 5916: Invalid cop=-1 in id=e87e884a-81a9-4e26-8093-ac665b8bff3d
06:15:05  [rank0]  WARNING    Skipping example 5920: Invalid cop=-1 in id=905ed65e-fbdc-4f26-b56e-2bcde259278a
06:15:05  [rank0]  WARNING    Skipping example 5924: Invalid cop=-1 in id=70a0f70c-4dd3-42dc-ba9e-d0bc1aafe964
06:15:05  [rank0]  WARNING    Skipping example 5928: Invalid cop=-1 in id=48d58252-f15c-4a45-a687-de12e014d3be
06:15:05  [rank0]  WARNING    Skipping example 5932: Invalid cop=-1 in id=4cd48b7c-b675-4b8b-ad5c-7d00418ea51f
06:15:05  [rank0]  WARNING    Skipping example 5936: Invalid cop=-1 in id=1b5d49eb-cc41-4500-abc3-1fd63a873433
06:15:05  [rank0]  WARNING    Skipping example 5940: Invalid cop=-1 in id=a2783360-41fb-4bff-b84e-c185937ed032
06:15:05  [rank0]  WARNING    Skipping example 5944: Invalid cop=-1 in id=1919b95b-af7c-4cb3-8218-ae3f581a141e
06:15:05  [rank0]  WARNING    Skipping example 5948: Invalid cop=-1 in id=e814a688-d624-46eb-9cf2-3c1d1e8c362f
06:15:05  [rank0]  WARNING    Skipping example 5952: Invalid cop=-1 in id=a4852ebc-782d-4aa4-8f1d-5254233d7cb3
06:15:05  [rank0]  WARNING    Skipping example 5956: Invalid cop=-1 in id=7bf27282-10ce-42b4-b9c0-8897083fdc4c
06:15:05  [rank0]  WARNING    Skipping example 5960: Invalid cop=-1 in id=23e653c1-f0d3-4628-a45f-512cf6e06ec0
06:15:05  [rank0]  WARNING    Skipping example 5964: Invalid cop=-1 in id=b03140e6-c924-4cea-8b4a-c76c6808d18f
06:15:05  [rank0]  WARNING    Skipping example 5968: Invalid cop=-1 in id=5e55f238-95bc-4b4e-8887-06648da53a92
06:15:05  [rank0]  WARNING    Skipping example 5972: Invalid cop=-1 in id=e270be47-f5a7-467c-a4a5-1e8a3be9cb54
06:15:05  [rank0]  WARNING    Skipping example 5976: Invalid cop=-1 in id=bb812cef-bc77-4b95-b7a9-b311709c18d3
06:15:05  [rank0]  WARNING    Skipping example 5980: Invalid cop=-1 in id=98dd6405-518a-4869-a92f-45d04ba39cbb
06:15:05  [rank0]  WARNING    Skipping example 5984: Invalid cop=-1 in id=a88f1f5d-934a-4e1e-abc1-d0cd4bb78359
06:15:05  [rank0]  WARNING    Skipping example 5988: Invalid cop=-1 in id=e6c6926f-f38f-4693-a715-fe54a2da793b
06:15:05  [rank0]  WARNING    Skipping example 5992: Invalid cop=-1 in id=17803deb-928e-4462-8fe7-48db86766b39
06:15:05  [rank0]  WARNING    Skipping example 5996: Invalid cop=-1 in id=0ab2824f-7459-43b9-90c6-100f701784fa
06:15:05  [rank0]  WARNING    Skipping example 6000: Invalid cop=-1 in id=16beaff3-9367-409a-9d60-b36cdf3d2131
06:15:05  [rank0]  WARNING    Skipping example 6004: Invalid cop=-1 in id=b145f664-39e9-4e8b-b995-710a812bf9e2
06:15:05  [rank0]  WARNING    Skipping example 6008: Invalid cop=-1 in id=de33b18f-7c57-4a3c-bed6-d9daa93e2896
06:15:05  [rank0]  WARNING    Skipping example 6012: Invalid cop=-1 in id=21e2b163-f978-4952-bba9-2fad271207f6
06:15:05  [rank0]  WARNING    Skipping example 6016: Invalid cop=-1 in id=70fdc4de-dce7-45a0-a16f-230789dc0b6a
06:15:05  [rank0]  WARNING    Skipping example 6020: Invalid cop=-1 in id=3de65137-6b94-40f8-9477-43d49be881ef
06:15:05  [rank0]  WARNING    Skipping example 6024: Invalid cop=-1 in id=ada96700-3ca1-433a-b0e0-6566d16043f6
06:15:05  [rank0]  WARNING    Skipping example 6028: Invalid cop=-1 in id=b4b7d2ff-8fd6-4feb-b0f4-172d492910c1
06:15:05  [rank0]  WARNING    Skipping example 6032: Invalid cop=-1 in id=7f2677cf-76b6-404d-9b37-75bbe7ce3f92
06:15:05  [rank0]  WARNING    Skipping example 6036: Invalid cop=-1 in id=26cb2e4f-bb03-4409-9778-1481ad18f993
06:15:05  [rank0]  WARNING    Skipping example 6040: Invalid cop=-1 in id=d1178b3f-b483-42fe-980a-1f332a4368be
06:15:05  [rank0]  WARNING    Skipping example 6044: Invalid cop=-1 in id=7004cd21-ccf7-4dd2-8bef-08542a4ed2fe
06:15:05  [rank0]  WARNING    Skipping example 6048: Invalid cop=-1 in id=0b902774-aebc-4398-8931-bd4c57e7ff9e
06:15:05  [rank0]  WARNING    Skipping example 6052: Invalid cop=-1 in id=2d67999a-ba90-475e-8949-f0c6f1b64fe5
06:15:05  [rank0]  WARNING    Skipping example 6056: Invalid cop=-1 in id=984d618f-0402-4947-bbf5-90a93a7cda4c
06:15:05  [rank0]  WARNING    Skipping example 6060: Invalid cop=-1 in id=385609ca-b0d3-4a21-bd94-66b772ae4114
06:15:05  [rank0]  WARNING    Skipping example 6064: Invalid cop=-1 in id=61c708c9-2400-491c-9974-fd5ce8eb8909
06:15:05  [rank0]  WARNING    Skipping example 6068: Invalid cop=-1 in id=f6ec2de4-dfe2-4853-9f5a-5704d8d8fc62
06:15:05  [rank0]  WARNING    Skipping example 6072: Invalid cop=-1 in id=f59d5387-6119-4441-801b-387515c797bb
06:15:05  [rank0]  WARNING    Skipping example 6076: Invalid cop=-1 in id=9fb595be-ecde-4785-86a9-c18d57240c45
06:15:05  [rank0]  WARNING    Skipping example 6080: Invalid cop=-1 in id=d13768f4-5ed8-423c-881a-1a3fcc0108b1
06:15:05  [rank0]  WARNING    Skipping example 6084: Invalid cop=-1 in id=3309943b-7370-4203-a3c2-fd51d8d8e49c
06:15:05  [rank0]  WARNING    Skipping example 6088: Invalid cop=-1 in id=3c8f6ec9-80cd-4f8d-9cf6-40ab315abea1
06:15:05  [rank0]  WARNING    Skipping example 6092: Invalid cop=-1 in id=fde69704-6bb5-4e3b-915f-33ff15a3edf7
06:15:05  [rank0]  WARNING    Skipping example 6096: Invalid cop=-1 in id=c7baa822-1fa1-4018-a363-464a37a53b91
06:15:05  [rank0]  WARNING    Skipping example 6100: Invalid cop=-1 in id=2232ab46-a907-4fec-b393-7f0e9de572f2
06:15:05  [rank0]  WARNING    Skipping example 6104: Invalid cop=-1 in id=f30f89f9-979a-4908-ad84-eff4c3c022b5
06:15:05  [rank0]  WARNING    Skipping example 6108: Invalid cop=-1 in id=3ff21bc9-908c-4b8d-b6e5-df2d3564d7c3
06:15:05  [rank0]  WARNING    Skipping example 6112: Invalid cop=-1 in id=59902d65-1c13-4eb2-b26e-20a5a0a83eda
06:15:05  [rank0]  WARNING    Skipping example 6116: Invalid cop=-1 in id=c0706d68-71d4-49b5-83ca-e608aac56773
06:15:05  [rank0]  WARNING    Skipping example 6120: Invalid cop=-1 in id=5bc65c70-a764-40cd-ac21-0cc2f2eac027
06:15:05  [rank0]  WARNING    Skipping example 6124: Invalid cop=-1 in id=06ae2f97-4feb-48b1-b96c-0bd1882b44e8
06:15:05  [rank0]  WARNING    Skipping example 6128: Invalid cop=-1 in id=8c02cd67-321f-4b0d-bfc3-1459f6ef9023
06:15:05  [rank0]  WARNING    Skipping example 6132: Invalid cop=-1 in id=e05e0ac4-c626-429b-8d3f-4ea6482585a1
06:15:05  [rank0]  WARNING    Skipping example 6136: Invalid cop=-1 in id=4384bac5-b8f0-40a2-b5e2-1b69ddcb685a
06:15:05  [rank0]  WARNING    Skipping example 6140: Invalid cop=-1 in id=f1fb03e6-f7c4-431c-a72d-fad8a2521f4f
06:15:05  [rank0]  WARNING    Skipping example 6144: Invalid cop=-1 in id=c5842348-91f7-42c7-aecb-eca898ec9c2d
06:15:05  [rank0]  WARNING    Skipping example 6148: Invalid cop=-1 in id=9e448d52-f374-4713-b6a4-704400b58a9e
06:15:05  [rank0]  WARNING    ⚠ test_medmcqa: ALL 4 shards empty — every example was invalid. For MedMCQA test set this means cop=-1 (held-out leaderboard labels). Skipping final stitch; no .npz / .npy will be written.
06:15:05  [rank0]  INFO  
============================================================
Extracting: test_medqa
============================================================
06:15:05  [rank0]  INFO  Loading GBaker/MedQA-USMLE-4-options test …
06:15:07  [rank0]  INFO    1273 examples total  source=medqa  layer=24  skip_ptrue=False  world_size=4  rank0_shard=319
06:16:25  [rank0]  INFO    Stitching test_medqa: 1273 examples from 4 shards
06:16:25  [rank0]  INFO    Saved: /home/lciechanowski/PROJECTS/GitHub/local-language-model-healthcare/data/features/test_medqa_features.npz  (1273 examples)
06:16:25  [rank0]  INFO    Saved: /home/lciechanowski/PROJECTS/GitHub/local-language-model-healthcare/data/features/test_medqa_hidden.npy  shape=(1273, 4096)  (21 MB)
06:16:25  [rank0]  INFO  
============================================================
Extracting: test_mmlu
============================================================
06:16:25  [rank0]  INFO  Loading MMLU (5 medical categories) test …
06:16:31  [rank0]  INFO    945 examples total  source=mmlu  layer=24  skip_ptrue=False  world_size=4  rank0_shard=237
06:17:15  [rank0]  INFO    Stitching test_mmlu: 945 examples from 4 shards
06:17:15  [rank0]  INFO    Saved: /home/lciechanowski/PROJECTS/GitHub/local-language-model-healthcare/data/features/test_mmlu_features.npz  (945 examples)
06:17:15  [rank0]  INFO    Saved: /home/lciechanowski/PROJECTS/GitHub/local-language-model-healthcare/data/features/test_mmlu_hidden.npy  shape=(945, 4096)  (15 MB)
06:17:15  [rank0]  INFO  Sanity checks on extracted features …
06:17:15  [rank0]  INFO    probe: p_true mean=0.956  (BLOCKER 3 threshold: ≥0.30 to use signal)
06:17:15  [rank0]  INFO    val: p_true mean=0.951  (BLOCKER 3 threshold: ≥0.30 to use signal)
06:17:15  [rank0]  INFO    test_medqa: p_true mean=0.923  (BLOCKER 3 threshold: ≥0.30 to use signal)
06:17:15  [rank0]  INFO    test_mmlu: p_true mean=0.953  (BLOCKER 3 threshold: ≥0.30 to use signal)
06:17:15  [rank0]  INFO    ✓ All feature ranges within expected bounds
06:17:15  [rank0]  INFO  Extraction metadata saved to /home/lciechanowski/PROJECTS/GitHub/local-language-model-healthcare/results/extraction_metadata.json
